time;open;high;low;close;adx14;plus_di;minus_di;stoch_k;stoch_d;intraday_change;intraday_level;intraday_force;theta_deg;theta_level;is_active
2026.07.14 16:00;1.14271;1.14341;1.14157;1.14212;20.42;29.81;16.45;60.78;52.86;0.334;SOFT_UP;1;67;3;1
2026.07.14 12:00;1.14064;1.14622;1.14035;1.14267;19.11;34.40;18.98;56.54;39.77;0.382;SOFT_UP;1;74.4;3;1
2026.07.14 08:00;1.13958;1.14091;1.13893;1.14063;17.61;25.77;21.90;41.24;25.00;0.203;SOFT_UP;1;70.7;3;1
2026.07.14 04:00;1.13933;1.13972;1.13836;1.13956;19.07;20.49;25.26;21.54;15.60;0.109;NEUTRE;0;72;3;0
2026.07.14 00:00;1.13832;1.13964;1.13779;1.13932;20.39;22.74;29.15;12.23;19.49;0.088;NEUTRE;0;;;0
2026.07.13 20:00;1.13832;1.13860;1.13767;1.13831;21.63;17.59;33.64;13.05;34.03;-0.185;NEUTRE;0;-46.2;-2;0
2026.07.13 16:00;1.14013;1.14023;1.13814;1.13832;20.14;20.30;31.04;33.19;48.25;-0.184;NEUTRE;0;-52.3;-2;1
2026.07.13 12:00;1.14271;1.14330;1.13961;1.14012;20.02;23.42;24.99;55.86;51.17;-0.026;NEUTRE;0;-13.7;0;1
2026.07.13 08:00;1.14241;1.14456;1.14235;1.14272;22.60;27.02;17.41;55.71;40.03;0.202;SOFT_UP;1;70.6;3;1
2026.07.13 04:00;1.13987;1.14259;1.13954;1.14242;22.75;17.46;20.09;41.93;26.89;0.175;NEUTRE;0;78.5;3;0
2026.07.13 00:00;1.14042;1.14052;1.13840;1.13986;25.17;9.71;23.18;22.45;21.06;-0.049;NEUTRE;0;;;0
2026.07.12 20:00;1.14014;1.14062;1.13883;1.14039;22.74;11.20;23.63;16.30;22.46;0.022;NEUTRE;0;7.1;0;0
2026.07.10 20:00;1.14154;1.14179;1.14113;1.14145;20.76;12.93;13.76;24.45;29.54;-0.159;NEUTRE;0;-41.9;-1;0
2026.07.10 16:00;1.14373;1.14409;1.14113;1.14154;23.47;14.92;15.87;26.63;35.65;-0.151;NEUTRE;0;-46.8;-2;1
2026.07.10 12:00;1.14310;1.14414;1.14115;1.14374;26.61;17.21;18.21;37.53;44.05;0.041;NEUTRE;0;21.1;0;1
2026.07.10 08:00;1.14368;1.14419;1.14262;1.14306;30.27;19.86;13.45;42.79;48.06;-0.018;NEUTRE;0;-14.2;0;1
2026.07.10 04:00;1.14491;1.14491;1.14353;1.14368;31.96;22.91;6.60;51.84;50.68;0.036;NEUTRE;0;45.4;2;0
2026.07.10 00:00;1.14327;1.14604;1.14300;1.14491;28.37;26.44;7.61;49.54;52.79;0.143;NEUTRE;0;;;0
2026.07.09 20:00;1.14272;1.14337;1.14255;1.14328;24.23;17.00;8.79;50.66;60.00;0.098;NEUTRE;0;28.9;1;0
2026.07.09 16:00;1.14386;1.14410;1.14251;1.14273;23.06;19.61;10.14;58.17;68.27;0.050;NEUTRE;0;19.4;0;1
2026.07.09 12:00;1.14293;1.14457;1.14223;1.14385;21.71;22.63;11.70;71.16;75.51;0.148;NEUTRE;0;54.3;2;1
2026.07.09 08:00;1.14351;1.14379;1.14207;1.14292;20.15;20.98;13.50;75.49;80.14;0.067;NEUTRE;0;43.3;1;1
2026.07.09 04:00;1.14265;1.14490;1.14229;1.14352;19.91;24.21;13.60;79.87;74.36;0.119;NEUTRE;0;73.4;3;0
2026.07.09 00:00;1.14216;1.14301;1.14195;1.14265;18.66;16.79;15.70;85.06;60.47;0.043;NEUTRE;0;;;0
2026.07.08 20:00;1.14272;1.14275;1.14087;1.14209;21.02;15.60;18.11;58.15;42.02;0.172;NEUTRE;0;44.1;1;0
2026.07.08 16:00;1.13949;1.14300;1.13945;1.14272;23.11;18.00;20.90;38.20;35.45;0.227;SOFT_UP;1;58;2;1
2026.07.08 12:00;1.13978;1.14136;1.13909;1.13949;25.51;13.66;24.11;29.71;34.21;-0.056;NEUTRE;0;-27.7;-1;1
2026.07.08 08:00;1.14251;1.14273;1.13927;1.13979;25.18;15.76;26.60;38.44;31.19;-0.030;NEUTRE;0;-22.9;0;1
2026.07.08 04:00;1.14141;1.14312;1.14106;1.14253;25.12;18.19;22.74;34.47;21.67;0.211;SOFT_UP;1;80.4;3;0
2026.07.08 00:00;1.14013;1.14162;1.13981;1.14141;27.28;9.79;26.24;20.66;16.93;0.112;NEUTRE;0;;;0
2026.07.07 20:00;1.14163;1.14169;1.13998;1.14012;24.45;11.29;28.83;9.89;19.92;-0.349;SOFT_DOWN;-1;-63;-2;0
2026.07.07 16:00;1.14227;1.14295;1.14078;1.14162;21.48;13.03;26.07;20.24;34.04;-0.218;SOFT_DOWN;-1;-56.9;-2;1
2026.07.07 12:00;1.14325;1.14418;1.14218;1.14226;19.66;15.03;20.15;29.63;49.23;-0.162;NEUTRE;0;-56.7;-2;1
2026.07.07 08:00;1.14247;1.14387;1.14231;1.14321;20.44;14.96;23.25;52.24;66.43;-0.079;NEUTRE;0;-48.1;-2;1
2026.07.07 04:00;1.14365;1.14389;1.14244;1.14248;20.25;17.26;25.55;65.84;74.36;-0.142;NEUTRE;0;-76;-3;0
2026.07.07 00:00;1.14411;1.14470;1.14357;1.14364;20.39;19.92;17.49;81.21;70.72;-0.041;NEUTRE;0;;;0
2026.07.06 20:00;1.14407;1.14478;1.14377;1.14411;22.53;22.98;17.45;76.02;55.75;0.042;NEUTRE;0;13.3;0;0
2026.07.06 16:00;1.14253;1.14446;1.14246;1.14407;23.89;21.64;20.14;54.93;38.34;0.038;NEUTRE;0;15;0;1
2026.07.06 12:00;1.14149;1.14258;1.14077;1.14250;27.01;10.51;23.24;36.30;29.29;-0.099;NEUTRE;0;-42.9;-1;1
2026.07.06 08:00;1.14263;1.14269;1.14094;1.14148;25.36;12.13;25.37;23.78;22.39;-0.188;NEUTRE;0;-69.3;-3;1
2026.07.06 04:00;1.14313;1.14340;1.14163;1.14262;23.83;14.00;23.20;27.80;22.71;-0.088;NEUTRE;0;-68;-3;0
2026.07.06 00:00;1.14363;1.14408;1.14272;1.14314;23.69;16.15;17.30;15.60;23.18;-0.043;NEUTRE;0;;;0
2026.07.05 20:00;1.14304;1.14387;1.14284;1.14364;26.81;16.26;19.96;24.73;34.49;0.052;NEUTRE;0;16.3;0;0
2026.07.03 20:00;1.14358;1.14369;1.14317;1.14327;29.36;18.76;18.10;29.21;48.07;0.094;NEUTRE;0;27.9;1;0
2026.07.03 16:00;1.14366;1.14416;1.14350;1.14363;33.60;21.65;11.12;49.52;61.20;0.125;NEUTRE;0;41.4;1;1
2026.07.03 12:00;1.14501;1.14525;1.14347;1.14366;33.83;24.98;12.84;65.47;64.48;0.128;NEUTRE;0;50.2;2;1
2026.07.03 08:00;1.14544;1.14573;1.14399;1.14501;34.10;28.82;10.32;68.62;60.49;0.246;SOFT_UP;1;73.9;3;1
2026.07.03 04:00;1.14408;1.14621;1.14389;1.14543;32.07;33.25;11.90;59.35;57.36;0.283;SOFT_UP;1;82.9;3;0
2026.07.03 00:00;1.14220;1.14445;1.14203;1.14408;29.73;26.70;13.74;53.51;59.39;0.165;NEUTRE;0;;;0
2026.07.02 20:00;1.14302;1.14353;1.14215;1.14221;29.37;24.96;15.85;59.21;66.99;0.396;SOFT_UP;1;65.9;3;0
2026.07.02 16:00;1.14474;1.14479;1.14259;1.14305;30.46;28.80;13.38;65.44;69.08;0.469;STRONG_UP;2;73.2;3;1
2026.07.02 12:00;1.14034;1.14724;1.13950;1.14472;29.52;33.23;15.44;76.31;65.52;0.616;STRONG_UP;2;80.2;3;1
2026.07.02 08:00;1.14074;1.14208;1.14001;1.14036;28.44;28.08;17.82;65.49;51.75;0.233;SOFT_UP;1;73.1;3;1
2026.07.02 04:00;1.13820;1.14089;1.13812;1.14074;29.37;23.56;20.56;54.76;40.81;0.266;SOFT_UP;1;82.4;3;0
2026.07.02 00:00;1.13771;1.13881;1.13747;1.13819;32.84;15.63;23.72;34.99;30.83;0.042;NEUTRE;0;;;0
2026.07.01 20:00;1.13786;1.13793;1.13735;1.13772;34.73;7.93;27.37;32.68;26.89;-0.311;SOFT_DOWN;-1;-60.3;-2;0
2026.07.01 16:00;1.13834;1.13937;1.13750;1.13785;31.61;9.15;27.60;24.83;24.03;-0.300;SOFT_DOWN;-1;-64.7;-2;1
2026.07.01 12:00;1.13852;1.14115;1.13614;1.13834;28.75;10.56;31.85;23.16;29.59;-0.257;SOFT_DOWN;-1;-67.5;-3;1
2026.07.01 08:00;1.14017;1.14036;1.13845;1.13852;25.45;12.19;29.65;24.11;41.52;-0.241;SOFT_DOWN;-1;-73.6;-3;1
2026.07.01 04:00;1.14038;1.14105;1.13927;1.14017;22.95;14.06;27.61;41.51;55.89;-0.096;NEUTRE;0;-69.7;-3;0
2026.07.01 00:00;1.14127;1.14138;1.14014;1.14037;21.48;16.23;24.34;58.94;61.06;-0.079;NEUTRE;0;;;0
2026.06.30 20:00;1.14262;1.14269;1.14121;1.14126;21.70;18.72;14.80;67.22;55.03;-0.053;NEUTRE;0;-16.6;0;0
2026.06.30 16:00;1.14167;1.14267;1.14118;1.14262;23.24;21.39;17.08;57.03;40.74;0.066;NEUTRE;0;24.9;0;1
2026.06.30 12:00;1.13928;1.14363;1.13883;1.14167;25.10;24.69;19.71;40.85;36.45;-0.018;NEUTRE;0;-9.6;0;1
2026.06.30 08:00;1.13984;1.14025;1.13832;1.13927;27.23;17.65;22.74;24.33;44.28;-0.228;SOFT_DOWN;-1;-72.7;-3;1
2026.06.30 04:00;1.13981;1.14090;1.13820;1.13984;29.48;20.37;26.24;44.18;65.30;-0.178;NEUTRE;0;-78.7;-3;0
2026.06.30 00:00;1.14187;1.14201;1.13966;1.13981;32.08;23.50;21.96;64.33;80.68;-0.180;NEUTRE;0;;;0
2026.06.29 20:00;1.14254;1.14270;1.14185;1.14187;36.49;27.11;11.00;87.39;86.78;0.297;SOFT_UP;1;59.1;2;0
2026.06.29 16:00;1.14236;1.14305;1.14209;1.14254;35.61;31.29;8.35;90.32;72.31;0.356;SOFT_UP;1;68.3;3;1
2026.06.29 12:00;1.14086;1.14248;1.14002;1.14234;32.18;26.96;9.63;82.62;49.40;0.338;SOFT_UP;1;72.5;3;1
2026.06.29 08:00;1.14021;1.14112;1.13923;1.14086;29.85;22.61;11.12;44.00;26.38;0.208;SOFT_UP;1;71.2;3;1
2026.06.29 04:00;1.13829;1.14147;1.13805;1.14022;29.19;26.09;12.83;21.58;20.59;0.152;NEUTRE;0;76.9;3;0
2026.06.29 00:00;1.13849;1.13930;1.13829;1.13829;28.44;20.34;14.80;13.58;27.68;-0.018;NEUTRE;0;;;0
2026.06.28 20:00;1.13866;1.13900;1.13797;1.13849;30.39;18.90;17.08;26.60;42.37;-0.015;NEUTRE;0;-4.8;0;0
2026.06.26 20:00;1.13866;1.13917;1.13809;1.13834;34.29;21.80;17.91;42.86;58.70;0.194;NEUTRE;0;47.5;2;0
2026.06.26 16:00;1.14026;1.14030;1.13804;1.13866;38.06;25.16;20.67;57.65;71.35;0.222;SOFT_UP;1;57.4;2;1
2026.06.26 12:00;1.13980;1.14338;1.13918;1.14026;42.41;29.03;16.09;75.61;76.37;0.363;SOFT_UP;1;73.6;3;1
2026.06.26 08:00;1.13863;1.14118;1.13827;1.13980;44.52;25.44;18.56;80.78;72.68;0.322;SOFT_UP;1;77.6;3;1
2026.06.26 04:00;1.13713;1.13884;1.13682;1.13862;48.96;16.98;21.42;72.72;69.82;0.218;SOFT_UP;1;80.8;3;0
2026.06.26 00:00;1.13614;1.13713;1.13539;1.13713;54.72;6.57;24.71;64.55;66.55;0.087;NEUTRE;0;;;0
2026.06.25 20:00;1.13722;1.13742;1.13599;1.13611;54.21;7.58;23.21;72.18;66.19;0.067;NEUTRE;0;20.7;0;0
2026.06.25 16:00;1.13841;1.13862;1.13681;1.13722;54.74;8.74;17.96;62.93;63.24;0.165;NEUTRE;0;49.3;2;1
2026.06.25 12:00;1.13373;1.13877;1.13327;1.13839;57.85;10.09;20.72;63.46;67.75;0.268;SOFT_UP;1;68.3;3;1
2026.06.25 08:00;1.13595;1.13738;1.13330;1.13372;61.44;7.75;23.91;63.32;68.99;-0.144;NEUTRE;0;-63.8;-2;1
2026.06.25 04:00;1.13698;1.13705;1.13443;1.13590;63.04;8.94;23.32;76.47;64.26;0.048;NEUTRE;0;53.5;2;0
2026.06.25 00:00;1.13535;1.13707;1.13473;1.13697;65.89;10.32;25.15;67.18;50.22;0.143;NEUTRE;0;;;0
2026.06.24 20:00;1.13531;1.13600;1.13521;1.13535;69.59;4.87;29.02;49.14;33.71;-0.221;SOFT_DOWN;-1;-51.2;-2;0
2026.06.24 16:00;1.13477;1.13676;1.13465;1.13531;69.34;5.62;33.48;34.33;19.40;-0.225;SOFT_DOWN;-1;-57.7;-2;1
2026.06.24 12:00;1.13399;1.13614;1.13239;1.13478;69.05;1.97;38.63;17.67;9.89;-0.272;SOFT_DOWN;-1;-68.6;-3;1
2026.06.24 08:00;1.13513;1.13556;1.13366;1.13399;65.78;2.27;39.37;6.19;6.38;-0.341;SOFT_DOWN;-1;-78.2;-3;1
2026.06.24 04:00;1.13670;1.13748;1.13511;1.13513;62.19;2.62;33.68;5.81;6.88;-0.241;SOFT_DOWN;-1;-81.6;-3;0
2026.06.24 00:00;1.13787;1.13819;1.13610;1.13669;58.59;3.02;32.44;7.14;7.21;-0.104;NEUTRE;0;;;0
2026.06.23 20:00;1.13787;1.13833;1.13775;1.13788;54.84;3.49;25.28;7.69;7.02;-0.417;STRONG_DOWN;-2;-66.9;-3;0
2026.06.23 16:00;1.13828;1.13835;1.13756;1.13786;51.62;4.02;29.17;6.81;7.65;-0.418;STRONG_DOWN;-2;-71.2;-3;1
2026.06.23 12:00;1.13854;1.13999;1.13751;1.13826;47.91;4.64;33.66;6.55;10.31;-0.383;SOFT_DOWN;-1;-74.5;-3;1
2026.06.23 08:00;1.14120;1.14171;1.13840;1.13854;43.63;5.36;33.31;9.59;13.83;-0.359;SOFT_DOWN;-1;-78.8;-3;1
2026.06.23 04:00;1.14293;1.14388;1.14092;1.14115;39.22;6.18;26.73;14.79;15.16;-0.130;NEUTRE;0;-74.7;-3;0
2026.06.23 00:00;1.14264;1.14315;1.14183;1.14292;35.64;7.13;26.11;17.12;14.89;0.025;NEUTRE;0;;;0
2026.06.22 20:00;1.14246;1.14294;1.14217;1.14265;32.34;8.23;26.16;13.57;13.33;-0.310;SOFT_DOWN;-1;-60.2;-2;0
2026.06.22 16:00;1.14315;1.14329;1.14187;1.14247;29.30;9.49;30.19;13.99;12.42;-0.325;SOFT_DOWN;-1;-66.4;-3;1
2026.06.22 12:00;1.14483;1.14616;1.14253;1.14315;25.78;10.96;27.68;12.45;14.44;-0.266;SOFT_DOWN;-1;-68.2;-3;1
2026.06.22 08:00;1.14455;1.14633;1.14412;1.14483;23.09;12.64;25.20;10.84;30.13;-0.120;NEUTRE;0;-59.4;-2;1
2026.06.22 04:00;1.14560;1.14630;1.14439;1.14455;21.53;14.59;27.20;20.02;52.82;-0.144;NEUTRE;0;-76.2;-3;0
2026.06.22 00:00;1.14620;1.14734;1.14541;1.14560;20.20;16.83;23.17;59.53;74.66;-0.052;NEUTRE;0;;;0
2026.06.21 20:00;1.14634;1.14699;1.14555;1.14619;20.87;16.63;26.73;78.92;82.16;-0.013;NEUTRE;0;-4.2;0;0
2026.06.19 20:00;1.14722;1.14764;1.14711;1.14731;20.50;19.19;17.21;85.54;77.44;0.132;NEUTRE;0;36.6;1;0
2026.06.19 16:00;1.14646;1.14803;1.14616;1.14722;22.81;22.14;19.86;82.01;61.18;0.124;NEUTRE;0;41.1;1;1
2026.06.19 12:00;1.14610;1.14758;1.14563;1.14645;25.49;21.84;22.91;64.76;39.47;0.057;NEUTRE;0;28.2;1;1
2026.06.19 08:00;1.14461;1.14676;1.14460;1.14608;29.04;18.73;26.44;36.78;20.11;0.024;NEUTRE;0;18.7;0;1
2026.06.19 04:00;1.14422;1.14489;1.14175;1.14461;30.89;8.30;30.50;16.87;12.25;-0.104;NEUTRE;0;-71.2;-3;0
2026.06.19 00:00;1.14580;1.14654;1.14414;1.14421;26.83;9.57;23.49;6.69;9.54;-0.139;NEUTRE;0;;;0
2026.06.18 20:00;1.14575;1.14634;1.14517;1.14580;24.49;11.05;20.50;13.21;12.55;-0.422;STRONG_DOWN;-2;-67.2;-3;0
2026.06.18 16:00;1.14689;1.14732;1.14503;1.14571;23.64;12.75;23.65;8.72;15.13;-0.429;STRONG_DOWN;-2;-71.7;-3;1
2026.06.18 12:00;1.14569;1.14871;1.14529;1.14688;22.67;14.71;25.54;15.71;21.49;-0.328;SOFT_DOWN;-1;-72;-3;1
2026.06.18 08:00;1.15126;1.15135;1.14540;1.14570;22.02;16.97;28.98;20.95;23.67;-0.430;STRONG_DOWN;-2;-80.6;-3;1
2026.06.18 04:00;1.15232;1.15279;1.15062;1.15125;21.38;19.58;19.94;27.82;22.76;0.052;NEUTRE;0;55.7;2;0
2026.06.18 00:00;1.15065;1.15240;1.15064;1.15231;24.53;19.83;23.01;22.26;18.90;0.144;NEUTRE;0;;;0
2026.06.17 20:00;1.14937;1.15082;1.14867;1.15066;27.16;9.07;26.55;18.21;24.00;-0.885;EXPLOSIVE_DOWN;-3;-78.7;-3;0
2026.06.17 16:00;1.15924;1.15960;1.14777;1.14938;23.79;10.46;30.63;16.23;34.58;-0.995;EXPLOSIVE_DOWN;-3;-81.9;-3;1
2026.06.17 12:00;1.15914;1.16025;1.15807;1.15924;19.90;12.07;21.95;37.57;53.03;-0.146;NEUTRE;0;-53.9;-2;1
2026.06.17 08:00;1.16080;1.16081;1.15850;1.15911;18.49;13.93;22.29;49.95;65.31;-0.157;NEUTRE;0;-65.7;-3;1
2026.06.17 04:00;1.16101;1.16147;1.16035;1.16081;17.78;16.07;13.40;71.56;75.45;-0.010;NEUTRE;0;-15.7;0;0
2026.06.17 00:00;1.16093;1.16164;1.16080;1.16100;19.13;18.54;9.28;74.43;76.98;0.006;NEUTRE;0;;;0
2026.06.16 20:00;1.16078;1.16144;1.16060;1.16094;16.95;17.73;10.71;80.36;74.09;0.159;NEUTRE;0;41.9;1;0
2026.06.16 16:00;1.16139;1.16195;1.16054;1.16079;15.76;20.46;12.36;76.16;60.57;0.146;NEUTRE;0;45.8;2;1
2026.06.16 12:00;1.15986;1.16184;1.15875;1.16138;14.39;22.41;14.26;65.75;43.94;0.197;SOFT_UP;1;61.6;2;1
2026.06.16 08:00;1.15956;1.16127;1.15928;1.15986;13.19;23.02;16.45;39.79;25.65;0.066;NEUTRE;0;42.9;1;1
2026.06.16 04:00;1.15860;1.15953;1.15745;1.15952;12.66;13.11;18.99;26.29;22.29;0.036;NEUTRE;0;45.4;2;0
2026.06.16 00:00;1.15910;1.15947;1.15824;1.15861;11.79;15.12;16.06;10.87;30.37;-0.042;NEUTRE;0;;;0
2026.06.15 20:00;1.15850;1.15935;1.15833;1.15910;13.13;15.95;18.54;29.71;49.63;-0.099;NEUTRE;0;-29.2;-1;0
2026.06.15 16:00;1.15980;1.16048;1.15839;1.15849;14.00;18.40;20.48;50.54;64.86;-0.152;NEUTRE;0;-46.9;-2;1
2026.06.15 12:00;1.16085;1.16203;1.15962;1.15981;15.33;21.23;14.58;68.65;72.83;-0.038;NEUTRE;0;-19.6;0;1
2026.06.15 08:00;1.16057;1.16142;1.15967;1.16087;14.83;20.61;16.82;75.39;71.77;0.053;NEUTRE;0;36.7;1;1
2026.06.15 04:00;1.16039;1.16217;1.16004;1.16057;15.56;23.78;16.16;74.45;64.76;0.028;NEUTRE;0;38.3;1;0
2026.06.15 00:00;1.16025;1.16115;1.15938;1.16040;15.02;20.07;18.64;65.47;53.53;0.013;NEUTRE;0;;;0
2026.06.14 20:00;1.15745;1.16173;1.15683;1.16026;16.76;23.15;21.51;54.37;53.38;0.243;SOFT_UP;1;53.9;2;0
2026.06.12 20:00;1.15710;1.15714;1.15645;1.15663;18.78;12.87;24.82;40.74;59.21;-0.077;NEUTRE;0;-23.5;0;0
2026.06.12 16:00;1.15725;1.15782;1.15684;1.15710;16.79;14.85;19.94;65.04;71.38;-0.036;NEUTRE;0;-14.2;0;1
2026.06.12 12:00;1.15712;1.15832;1.15598;1.15727;17.12;17.13;23.01;71.84;75.97;-0.022;NEUTRE;0;-11.7;0;1
2026.06.12 08:00;1.15663;1.15892;1.15650;1.15711;17.50;19.77;23.13;77.27;79.85;-0.035;NEUTRE;0;-26.2;-1;1
2026.06.12 04:00;1.15719;1.15748;1.15568;1.15662;18.98;13.66;26.69;78.80;77.08;-0.078;NEUTRE;0;-65.5;-3;0
2026.06.12 00:00;1.15752;1.15762;1.15612;1.15717;16.93;15.76;27.04;83.49;69.23;-0.030;NEUTRE;0;;;0
2026.06.11 20:00;1.15784;1.15861;1.15727;1.15751;15.48;18.18;19.40;68.94;50.66;0.349;SOFT_UP;1;63;2;0
2026.06.11 16:00;1.15144;1.15894;1.15026;1.15784;17.36;20.98;22.39;55.27;41.47;0.377;SOFT_UP;1;69.4;3;1
2026.06.11 12:00;1.15383;1.15431;1.15137;1.15141;19.53;16.00;25.83;27.78;34.46;-0.180;NEUTRE;0;-59.4;-2;1
2026.06.11 08:00;1.15444;1.15451;1.15228;1.15379;18.92;18.46;25.05;41.37;34.47;0.026;NEUTRE;0;20.1;0;1
2026.06.11 04:00;1.15449;1.15553;1.15400;1.15447;19.50;21.30;17.03;34.24;29.56;0.085;NEUTRE;0;67.3;3;0
2026.06.11 00:00;1.15349;1.15558;1.15349;1.15450;20.78;24.58;19.65;27.80;27.86;0.088;NEUTRE;0;;;0
2026.06.10 20:00;1.15411;1.15411;1.15252;1.15348;22.27;17.59;22.68;26.63;32.26;0.002;NEUTRE;0;0.6;0;0
2026.06.10 16:00;1.15490;1.15591;1.15407;1.15412;23.75;20.29;11.26;29.15;37.46;0.057;NEUTRE;0;21.9;0;1
2026.06.10 12:00;1.15366;1.15728;1.15342;1.15490;23.00;23.42;12.99;41.01;39.70;0.125;NEUTRE;0;49.6;2;1
2026.06.10 08:00;1.15537;1.15593;1.15353;1.15362;22.14;21.64;14.99;42.21;35.48;0.014;NEUTRE;0;11.2;0;1
2026.06.10 04:00;1.15499;1.15583;1.15442;1.15535;22.75;24.97;11.59;35.89;32.17;0.164;NEUTRE;0;77.8;3;0
2026.06.10 00:00;1.15346;1.15518;1.15331;1.15499;20.62;21.72;13.38;28.34;39.91;0.133;NEUTRE;0;;;0
2026.06.09 20:00;1.15412;1.15455;1.15328;1.15346;20.14;19.87;15.44;32.28;53.21;0.059;NEUTRE;0;18.4;0;0
2026.06.09 16:00;1.15547;1.15571;1.15282;1.15412;21.30;22.93;17.81;59.10;67.12;0.116;NEUTRE;0;39.2;1;1
2026.06.09 12:00;1.15724;1.15778;1.15453;1.15548;22.65;26.46;11.45;68.25;66.54;0.234;SOFT_UP;1;65.5;3;1
2026.06.09 08:00;1.15389;1.15739;1.15362;1.15724;20.04;28.69;13.21;74.00;63.55;0.387;SOFT_UP;1;79.6;3;1
2026.06.09 04:00;1.15377;1.15532;1.15366;1.15389;17.44;24.65;15.24;57.36;59.89;0.096;NEUTRE;0;69.7;3;0
2026.06.09 00:00;1.15278;1.15400;1.15267;1.15376;16.49;16.21;17.59;59.29;65.05;0.085;NEUTRE;0;;;0
2026.06.08 20:00;1.15304;1.15377;1.15276;1.15279;18.41;16.04;20.29;63.04;68.37;0.060;NEUTRE;0;18.7;0;0
2026.06.08 16:00;1.15438;1.15458;1.15273;1.15304;19.44;18.51;23.41;72.82;58.96;0.082;NEUTRE;0;30;1;1
2026.06.08 12:00;1.15363;1.15544;1.15315;1.15438;20.63;21.36;23.52;69.25;40.61;0.198;SOFT_UP;1;61.7;2;1
2026.06.08 08:00;1.15160;1.15436;1.14993;1.15362;23.06;17.39;27.14;34.81;21.23;0.132;NEUTRE;0;61.7;2;1
2026.06.08 04:00;1.15319;1.15395;1.15133;1.15163;23.24;20.07;26.46;17.75;11.74;-0.041;NEUTRE;0;-49.1;-2;0
2026.06.08 00:00;1.15210;1.15345;1.15115;1.15320;24.70;20.22;30.53;11.13;6.63;0.095;NEUTRE;0;;;0
2026.06.07 20:00;1.15066;1.15225;1.15049;1.15217;25.38;15.30;35.22;6.33;7.93;0.131;NEUTRE;0;36.4;1;0
2026.06.05 20:00;1.15250;1.15259;1.15176;1.15186;23.21;17.65;29.54;2.44;16.28;-0.804;EXPLOSIVE_DOWN;-3;-77.6;-3;0
2026.06.05 16:00;1.15321;1.15327;1.15180;1.15250;22.91;20.37;33.34;15.03;35.38;-0.749;EXPLOSIVE_DOWN;-3;-79.3;-3;1
2026.06.05 12:00;1.16413;1.16426;1.15312;1.15321;22.72;23.50;24.66;31.38;43.38;-0.688;STRONG_DOWN;-2;-81.2;-3;1
2026.06.05 08:00;1.16316;1.16441;1.16315;1.16412;25.85;27.12;14.60;59.72;42.50;0.251;SOFT_UP;1;74.2;3;1
2026.06.05 04:00;1.16145;1.16368;1.16125;1.16318;25.21;22.38;16.85;39.04;36.75;0.171;NEUTRE;0;78.3;3;0
2026.06.05 00:00;1.16120;1.16163;1.16095;1.16144;26.91;12.84;19.44;28.72;45.02;0.021;NEUTRE;0;;;0
2026.06.04 20:00;1.16122;1.16146;1.16077;1.16119;27.91;10.97;22.43;42.50;59.37;0.026;NEUTRE;0;8.3;0;0
2026.06.04 16:00;1.16278;1.16293;1.16102;1.16121;26.93;12.66;20.31;63.83;67.12;0.028;NEUTRE;0;11.2;0;1
2026.06.04 12:00;1.16410;1.16448;1.16220;1.16279;27.50;14.61;13.93;71.78;59.50;0.164;NEUTRE;0;57;2;1
2026.06.04 08:00;1.16035;1.16449;1.16032;1.16412;31.37;16.86;16.07;65.76;45.20;0.278;SOFT_UP;1;75.7;3;1
2026.06.04 04:00;1.16056;1.16147;1.15982;1.16036;35.82;8.31;18.54;40.96;31.46;-0.046;NEUTRE;0;-52.3;-2;0
2026.06.04 00:00;1.16089;1.16123;1.16022;1.16057;35.47;9.58;17.66;28.88;25.32;-0.028;NEUTRE;0;;;0
2026.06.03 20:00;1.15979;1.16118;1.15943;1.16087;36.37;10.30;20.38;24.55;23.08;-0.105;NEUTRE;0;-30.6;-1;0
2026.06.03 16:00;1.16046;1.16047;1.15948;1.15977;36.91;5.64;23.52;22.53;23.28;-0.200;SOFT_DOWN;-1;-54.6;-2;1
2026.06.03 12:00;1.16176;1.16182;1.15945;1.16044;33.15;6.51;27.13;22.17;22.44;-0.142;NEUTRE;0;-53.1;-2;1
2026.06.03 08:00;1.16159;1.16226;1.16048;1.16175;28.82;7.51;24.62;25.14;25.77;-0.029;NEUTRE;0;-22.2;0;1
2026.06.03 04:00;1.16272;1.16278;1.16120;1.16158;25.06;8.66;22.19;20.02;29.75;-0.044;NEUTRE;0;-51.1;-2;0
2026.06.03 00:00;1.16209;1.16331;1.16201;1.16271;22.17;10.00;17.71;32.15;43.81;0.053;NEUTRE;0;;;0
2026.06.02 20:00;1.16320;1.16344;1.16194;1.16208;21.30;11.54;20.44;37.09;59.95;-0.122;NEUTRE;0;-34.5;-1;0
2026.06.02 16:00;1.16402;1.16408;1.16131;1.16320;20.29;13.31;23.58;62.20;72.72;-0.026;NEUTRE;0;-10.4;0;1
2026.06.02 12:00;1.16494;1.16552;1.16352;1.16402;19.13;15.36;14.94;80.57;72.71;0.045;NEUTRE;0;22.9;0;1
2026.06.02 08:00;1.16486;1.16525;1.16382;1.16492;21.86;17.72;14.93;75.41;61.72;0.122;NEUTRE;0;59.8;2;1
2026.06.02 04:00;1.16339;1.16520;1.16338;1.16483;23.90;19.91;17.22;62.17;49.94;0.114;NEUTRE;0;72.7;3;0
2026.06.02 00:00;1.16350;1.16366;1.16283;1.16339;26.47;9.95;19.87;47.59;40.13;-0.009;NEUTRE;0;;;0
2026.06.01 20:00;1.16314;1.16359;1.16240;1.16351;25.43;10.19;22.93;40.06;34.33;-0.108;NEUTRE;0;-31.3;-1;0
2026.06.01 16:00;1.16229;1.16376;1.16160;1.16313;23.42;11.75;26.46;32.74;28.23;-0.141;NEUTRE;0;-44.8;-1;1
2026.06.01 12:00;1.16459;1.16502;1.16065;1.16228;21.10;13.56;30.53;30.19;27.03;-0.214;SOFT_DOWN;-1;-63.5;-2;1
2026.06.01 08:00;1.16565;1.16603;1.16413;1.16458;18.43;15.65;22.97;21.77;29.21;-0.016;NEUTRE;0;-12.7;0;1
2026.06.01 04:00;1.16435;1.16645;1.16430;1.16564;18.35;18.06;25.13;29.13;39.80;0.075;NEUTRE;0;64.7;2;0
2026.06.01 00:00;1.16477;1.16528;1.16413;1.16435;18.65;12.46;29.00;36.73;53.45;-0.036;NEUTRE;0;;;0
2026.05.31 20:00;1.16503;1.16613;1.16477;1.16477;15.38;14.38;24.89;53.54;65.67;-0.022;NEUTRE;0;-7.1;0;0
2026.05.29 20:00;1.16645;1.16646;1.16579;1.16590;13.63;16.59;17.19;70.07;71.75;0.057;NEUTRE;0;17.8;0;0
2026.05.29 16:00;1.16777;1.16789;1.16601;1.16643;15.46;19.14;14.78;73.40;68.13;0.103;NEUTRE;0;36;1;1
2026.05.29 12:00;1.16471;1.16852;1.16400;1.16778;15.85;22.09;17.05;71.77;67.24;0.219;SOFT_UP;1;64.1;2;1
2026.05.29 08:00;1.16398;1.16480;1.16245;1.16473;16.31;12.83;19.67;59.23;69.16;-0.043;NEUTRE;0;-31.2;-1;1
2026.05.29 04:00;1.16368;1.16542;1.16339;1.16417;15.58;14.80;16.55;70.73;77.91;-0.091;NEUTRE;0;-68.7;-3;0
2026.05.29 00:00;1.16523;1.16562;1.16357;1.16368;17.12;17.08;17.73;77.53;80.90;-0.133;NEUTRE;0;;;0
2026.05.28 20:00;1.16472;1.16529;1.16445;1.16521;19.47;19.70;13.85;85.46;75.46;0.300;SOFT_UP;1;59.4;2;0
2026.05.28 16:00;1.16478;1.16610;1.16452;1.16473;19.78;22.74;14.70;79.71;56.61;0.259;SOFT_UP;1;61.3;2;1
2026.05.28 12:00;1.16163;1.16575;1.16151;1.16478;19.52;22.83;16.96;61.22;34.71;0.263;SOFT_UP;1;68;3;1
2026.05.28 08:00;1.16116;1.16224;1.16031;1.16167;20.26;13.60;19.57;28.89;16.04;-0.004;NEUTRE;0;-3.2;0;1
2026.05.28 04:00;1.15868;1.16174;1.15858;1.16113;20.61;11.71;22.58;14.04;10.69;-0.051;NEUTRE;0;-55.2;-2;0
2026.05.28 00:00;1.16172;1.16231;1.15868;1.15869;18.90;13.51;25.57;5.20;16.09;-0.261;SOFT_DOWN;-1;;;0
2026.05.27 20:00;1.16285;1.16304;1.16157;1.16173;17.06;15.59;17.26;12.84;30.86;-0.162;NEUTRE;0;-42.4;-1;0
2026.05.27 16:00;1.16300;1.16326;1.16219;1.16284;18.90;17.99;13.42;30.22;50.15;-0.066;NEUTRE;0;-24.9;0;1
2026.05.27 12:00;1.16375;1.16607;1.16222;1.16298;19.57;20.75;15.06;49.51;64.58;-0.054;NEUTRE;0;-26.9;-1;1
2026.05.27 08:00;1.16401;1.16482;1.16325;1.16374;20.14;18.95;17.37;70.73;70.38;0.011;NEUTRE;0;8.8;0;1
2026.05.27 04:00;1.16384;1.16490;1.16369;1.16403;22.56;21.87;15.74;73.52;61.67;0.036;NEUTRE;0;45.4;2;0
2026.05.27 00:00;1.16361;1.16421;1.16324;1.16384;23.53;16.46;18.16;66.90;49.44;0.020;NEUTRE;0;;;0
2026.05.26 20:00;1.16316;1.16396;1.16240;1.16362;26.39;15.03;20.95;44.60;38.35;0.006;NEUTRE;0;1.9;0;0
2026.05.26 16:00;1.16191;1.16323;1.16191;1.16316;27.92;10.14;24.17;36.82;36.89;-0.034;NEUTRE;0;-13.5;0;1
2026.05.26 12:00;1.16345;1.16363;1.16160;1.16190;25.92;11.70;27.89;33.63;35.71;-0.142;NEUTRE;0;-53.1;-2;1
2026.05.26 08:00;1.16368;1.16450;1.16322;1.16343;23.62;13.50;19.91;40.22;36.26;-0.010;NEUTRE;0;-8;0;1
2026.05.26 04:00;1.16355;1.16400;1.16237;1.16367;24.31;9.57;22.97;33.29;38.70;0.010;NEUTRE;0;15.7;0;0
2026.05.26 00:00;1.16355;1.16394;1.16300;1.16356;21.71;11.04;20.56;35.27;51.80;0.001;NEUTRE;0;;;0
2026.05.25 20:00;1.16417;1.16433;1.16343;1.16355;20.41;12.74;16.68;47.54;65.95;-0.050;NEUTRE;0;-15.7;0;0
2026.05.25 16:00;1.16420;1.16439;1.16363;1.16418;21.49;14.70;15.83;72.59;77.33;0.004;NEUTRE;0;1.6;0;1
2026.05.25 12:00;1.16437;1.16525;1.16380;1.16418;24.23;16.96;14.82;77.71;81.02;0.004;NEUTRE;0;2.2;0;1
2026.05.25 08:00;1.16371;1.16503;1.16326;1.16436;26.92;17.23;17.10;81.71;80.90;0.020;NEUTRE;0;15.7;0;1
2026.05.25 04:00;1.16369;1.16449;1.16293;1.16370;31.01;15.19;19.73;83.66;77.12;-0.037;NEUTRE;0;-46.2;-2;0
2026.05.25 00:00;1.16413;1.16486;1.16350;1.16369;33.78;17.53;17.15;77.34;64.87;-0.038;NEUTRE;0;;;0
2026.05.24 20:00;1.16372;1.16459;1.16257;1.16415;38.80;17.17;19.79;70.37;52.29;0.037;NEUTRE;0;11.8;0;0
2026.05.22 20:00;1.16055;1.16063;1.15978;1.16010;43.68;6.24;22.83;46.89;43.47;-0.144;NEUTRE;0;-39.1;-1;0
2026.05.22 16:00;1.16024;1.16188;1.15993;1.16055;41.63;7.20;23.63;39.62;44.74;-0.105;NEUTRE;0;-36.5;-1;1
2026.05.22 12:00;1.15962;1.16180;1.15879;1.16025;39.84;7.68;27.26;43.90;52.84;-0.131;NEUTRE;0;-50.9;-2;1
2026.05.22 08:00;1.16079;1.16156;1.15929;1.15961;37.35;8.86;28.90;50.68;61.31;-0.186;NEUTRE;0;-69.1;-3;1
2026.05.22 04:00;1.16116;1.16166;1.16010;1.16078;34.93;10.23;27.86;63.93;63.18;-0.085;NEUTRE;0;-67.3;-3;0
2026.05.22 00:00;1.16177;1.16177;1.16084;1.16116;33.18;11.80;24.85;69.32;55.07;-0.053;NEUTRE;0;;;0
2026.05.21 20:00;1.16210;1.16227;1.16143;1.16175;32.81;13.62;18.91;56.27;40.40;-0.060;NEUTRE;0;-18.7;0;0
2026.05.21 16:00;1.15883;1.16298;1.15842;1.16210;35.36;15.71;21.82;39.61;34.59;-0.030;NEUTRE;0;-11.9;0;1
2026.05.21 12:00;1.15987;1.16087;1.15749;1.15880;38.29;11.01;25.17;25.32;39.48;-0.314;SOFT_DOWN;-1;-71.3;-3;1
2026.05.21 08:00;1.16033;1.16352;1.15955;1.15986;38.16;12.70;19.67;38.85;52.98;-0.223;SOFT_DOWN;-1;-72.3;-3;1
2026.05.21 04:00;1.16187;1.16264;1.15934;1.16058;40.72;11.25;22.70;54.27;62.00;-0.161;NEUTRE;0;-77.6;-3;0
2026.05.21 00:00;1.16245;1.16350;1.16152;1.16186;41.80;12.98;16.02;65.81;64.99;-0.051;NEUTRE;0;;;0
2026.05.20 20:00;1.16275;1.16281;1.16171;1.16244;46.62;9.61;18.49;65.92;57.64;0.159;NEUTRE;0;41.9;1;0
2026.05.20 16:00;1.16187;1.16354;1.16157;1.16274;48.93;11.09;21.33;63.25;44.59;0.184;NEUTRE;0;52.3;2;1
2026.05.20 12:00;1.16005;1.16448;1.15824;1.16188;51.60;12.80;24.62;43.75;30.24;0.110;NEUTRE;0;45.9;2;1
2026.05.20 08:00;1.15929;1.16052;1.15833;1.16005;54.68;5.01;28.40;26.77;23.74;-0.047;NEUTRE;0;-33.5;-1;1
2026.05.20 04:00;1.16020;1.16064;1.15914;1.15928;52.31;5.78;27.08;20.20;21.72;-0.114;NEUTRE;0;-72.7;-3;0
2026.05.20 00:00;1.16060;1.16103;1.15933;1.16019;50.39;6.66;29.30;24.24;20.40;-0.035;NEUTRE;0;;;0
2026.05.19 20:00;1.16061;1.16126;1.15995;1.16065;48.46;7.69;28.20;20.73;17.05;-0.413;SOFT_DOWN;-1;-66.7;-3;0
2026.05.19 16:00;1.16017;1.16144;1.15953;1.16061;47.12;8.87;32.53;16.23;17.56;-0.416;SOFT_DOWN;-1;-71.2;-3;1
2026.05.19 12:00;1.16163;1.16236;1.15918;1.16016;45.58;10.24;37.54;14.19;29.33;-0.455;STRONG_DOWN;-2;-76.8;-3;1
2026.05.19 08:00;1.16345;1.16357;1.16104;1.16163;43.80;11.81;34.32;22.25;49.10;-0.329;SOFT_DOWN;-1;-77.8;-3;1
2026.05.19 04:00;1.16409;1.16454;1.16296;1.16345;43.03;13.63;27.92;51.54;69.86;-0.172;NEUTRE;0;-78.3;-3;0
2026.05.19 00:00;1.16546;1.16556;1.16403;1.16407;44.36;15.73;21.80;73.51;80.53;-0.119;NEUTRE;0;;;0
2026.05.18 20:00;1.16509;1.16616;1.16477;1.16544;48.69;18.15;17.71;84.53;82.49;0.354;SOFT_UP;1;63.4;2;0
2026.05.18 16:00;1.16482;1.16560;1.16283;1.16507;55.99;14.74;20.44;83.54;77.09;0.322;SOFT_UP;1;66.2;3;1
2026.05.18 12:00;1.16416;1.16569;1.16329;1.16482;62.12;17.01;21.03;79.39;61.53;0.301;SOFT_UP;1;70.5;3;1
2026.05.18 08:00;1.16316;1.16493;1.16261;1.16413;70.05;14.75;24.26;68.35;41.67;0.241;SOFT_UP;1;73.6;3;1
2026.05.18 04:00;1.16215;1.16401;1.16165;1.16316;77.08;10.92;27.99;36.85;22.34;0.158;NEUTRE;0;77.3;3;0
2026.05.18 00:00;1.16133;1.16222;1.16080;1.16215;82.19;0.93;32.30;19.82;14.93;0.071;NEUTRE;0;;;0
2026.05.17 20:00;1.16151;1.16239;1.16116;1.16133;80.31;1.08;33.37;10.36;13.91;-0.015;NEUTRE;0;-4.8;0;0
2026.05.15 20:00;1.16211;1.16256;1.16188;1.16234;78.24;1.24;29.49;14.60;15.29;-0.328;SOFT_DOWN;-1;-61.6;-2;0
2026.05.15 16:00;1.16263;1.16354;1.16164;1.16211;76.13;1.43;34.03;16.77;14.55;-0.347;SOFT_DOWN;-1;-67.7;-3;1
2026.05.15 12:00;1.16311;1.16376;1.16186;1.16261;73.70;1.65;37.49;14.51;10.90;-0.304;SOFT_DOWN;-1;-70.7;-3;1
2026.05.15 08:00;1.16372;1.16552;1.16170;1.16313;70.96;1.91;43.25;12.39;7.75;-0.260;SOFT_DOWN;-1;-74.7;-3;1
2026.05.15 04:00;1.16517;1.16523;1.16315;1.16363;67.79;2.20;44.07;5.79;5.36;-0.217;SOFT_DOWN;-1;-80.7;-3;0
2026.05.15 00:00;1.16616;1.16633;1.16453;1.16517;64.30;2.54;40.64;5.07;5.62;-0.085;NEUTRE;0;;;0
2026.05.14 20:00;1.16706;1.16738;1.16610;1.16615;60.61;2.93;33.48;5.21;9.59;-0.462;STRONG_DOWN;-2;-69;-3;0
2026.05.14 16:00;1.16771;1.16809;1.16683;1.16706;57.03;3.38;29.85;6.57;21.07;-0.384;SOFT_DOWN;-1;-69.7;-3;1
2026.05.14 12:00;1.16993;1.17052;1.16713;1.16770;53.55;3.90;30.78;16.99;36.74;-0.329;SOFT_DOWN;-1;-72.1;-3;1
2026.05.14 08:00;1.17071;1.17135;1.16992;1.16994;49.86;4.50;22.86;39.66;46.55;-0.138;NEUTRE;0;-62.8;-2;1
2026.05.14 04:00;1.17121;1.17212;1.17057;1.17071;47.21;5.19;19.38;53.56;45.79;-0.073;NEUTRE;0;-64.1;-2;0
2026.05.14 00:00;1.17156;1.17182;1.17094;1.17121;45.59;5.99;18.69;46.42;38.70;-0.030;NEUTRE;0;;;0
2026.05.13 20:00;1.17091;1.17185;1.17064;1.17155;44.69;6.91;21.56;37.40;30.91;-0.163;NEUTRE;0;-42.6;-1;0
2026.05.13 16:00;1.17106;1.17176;1.17036;1.17092;43.65;6.83;24.88;32.27;26.37;-0.216;SOFT_DOWN;-1;-56.7;-2;1
2026.05.13 12:00;1.17118;1.17159;1.16966;1.17106;41.60;6.01;28.71;23.05;22.92;-0.205;SOFT_DOWN;-1;-62.5;-2;1
2026.05.13 08:00;1.17067;1.17169;1.16950;1.17118;37.95;6.94;33.12;23.79;26.43;-0.194;NEUTRE;0;-69.9;-3;1
2026.05.13 04:00;1.17343;1.17367;1.17067;1.17068;33.73;8.01;30.00;21.92;26.78;-0.237;SOFT_DOWN;-1;-81.5;-3;0
2026.05.13 00:00;1.17346;1.17414;1.17313;1.17342;30.02;9.24;22.00;33.56;26.61;-0.003;NEUTRE;0;;;0
2026.05.12 20:00;1.17403;1.17410;1.17334;1.17347;28.35;10.66;22.19;24.87;20.20;-0.368;SOFT_DOWN;-1;-64.3;-2;0
2026.05.12 16:00;1.17317;1.17466;1.17269;1.17400;27.32;12.30;25.60;21.41;15.67;-0.323;SOFT_DOWN;-1;-66.3;-3;1
2026.05.12 12:00;1.17436;1.17497;1.17215;1.17317;26.12;14.19;29.54;14.33;18.66;-0.394;SOFT_DOWN;-1;-74.9;-3;1
2026.05.12 08:00;1.17475;1.17513;1.17346;1.17435;24.74;16.38;26.94;11.26;31.75;-0.294;SOFT_DOWN;-1;-76.4;-3;1
2026.05.12 04:00;1.17560;1.17673;1.17432;1.17475;24.80;18.90;23.16;30.39;53.53;-0.260;SOFT_DOWN;-1;-82.2;-3;0
2026.05.12 00:00;1.17781;1.17782;1.17544;1.17559;27.06;21.80;19.57;53.58;66.42;-0.188;NEUTRE;0;;;0
2026.05.11 20:00;1.17770;1.17875;1.17733;1.17781;30.39;25.16;10.36;76.60;70.48;0.095;NEUTRE;0;28.2;1;0
2026.05.11 16:00;1.17795;1.17801;1.17706;1.17770;28.66;21.01;11.96;69.07;60.75;0.086;NEUTRE;0;31.2;1;1
2026.05.11 12:00;1.17683;1.17876;1.17641;1.17795;28.84;24.24;13.80;65.77;53.72;0.107;NEUTRE;0;45.1;2;1
2026.05.11 08:00;1.17718;1.17819;1.17631;1.17680;29.05;24.24;15.92;47.41;52.56;0.009;NEUTRE;0;7.2;0;1
2026.05.11 04:00;1.17563;1.17744;1.17484;1.17718;30.33;21.83;18.37;47.99;63.83;0.042;NEUTRE;0;49.8;2;0
2026.05.11 00:00;1.17669;1.17718;1.17559;1.17563;33.68;25.19;16.76;62.28;76.67;-0.090;NEUTRE;0;;;0
2026.05.10 20:00;1.17498;1.17698;1.17455;1.17668;35.76;27.13;19.34;81.23;83.76;0.145;NEUTRE;0;39.2;1;0
2026.05.08 20:00;1.17799;1.17874;1.17786;1.17832;38.69;31.31;8.80;86.51;78.88;0.451;STRONG_UP;2;68.5;3;0
2026.05.08 16:00;1.17724;1.17829;1.17703;1.17799;36.01;28.26;10.16;83.53;64.36;0.423;STRONG_UP;2;71.4;3;1
2026.05.08 12:00;1.17650;1.17868;1.17558;1.17725;34.30;32.60;11.72;66.59;43.57;0.360;SOFT_UP;1;73.5;3;1
2026.05.08 08:00;1.17427;1.17733;1.17418;1.17650;32.33;30.92;13.52;42.97;24.51;0.296;SOFT_UP;1;76.5;3;1
2026.05.08 04:00;1.17280;1.17480;1.17267;1.17427;31.28;23.32;15.60;21.15;17.35;0.106;NEUTRE;0;71.5;3;0
2026.05.08 00:00;1.17303;1.17344;1.17242;1.17280;33.04;17.08;18.00;9.41;24.28;-0.020;NEUTRE;0;;;0
2026.05.07 20:00;1.17335;1.17446;1.17218;1.17303;37.72;19.71;20.77;21.50;45.75;-0.148;NEUTRE;0;-39.8;-1;0
2026.05.07 16:00;1.17634;1.17657;1.17332;1.17333;43.12;22.74;16.28;41.94;56.51;-0.123;NEUTRE;0;-40.9;-1;1
2026.05.07 12:00;1.17699;1.17777;1.17628;1.17634;47.20;26.24;4.77;73.83;56.58;0.134;NEUTRE;0;51.5;2;1
2026.05.07 08:00;1.17666;1.17780;1.17620;1.17696;43.82;30.28;5.51;53.77;44.17;0.186;NEUTRE;0;69.1;3;1
2026.05.07 04:00;1.17486;1.17683;1.17447;1.17666;39.91;25.61;6.35;42.15;42.13;0.161;NEUTRE;0;77.6;3;0
2026.05.07 00:00;1.17477;1.17631;1.17462;1.17486;36.78;26.16;7.33;36.58;47.89;0.008;NEUTRE;0;;;0
2026.05.06 20:00;1.17473;1.17517;1.17427;1.17477;33.78;19.81;8.46;47.66;59.54;0.284;SOFT_UP;1;58;2;0
2026.05.06 16:00;1.17524;1.17553;1.17415;1.17474;32.80;22.85;9.76;59.42;70.49;0.282;SOFT_UP;1;63.3;2;1
2026.05.06 12:00;1.17696;1.17698;1.17446;1.17525;31.67;26.37;7.80;71.55;78.65;0.325;SOFT_UP;1;71.9;3;1
2026.05.06 08:00;1.17371;1.17965;1.17326;1.17696;28.19;30.43;9.00;80.50;78.65;0.471;STRONG_UP;2;81.4;3;1
2026.05.06 04:00;1.17175;1.17426;1.17160;1.17373;24.17;22.13;10.39;83.91;75.38;0.195;SOFT_UP;1;79.7;3;0
2026.05.06 00:00;1.17144;1.17258;1.17110;1.17175;22.33;15.82;11.99;71.55;67.92;0.026;NEUTRE;0;;;0
2026.05.05 20:00;1.16950;1.17252;1.16914;1.17144;23.64;17.63;13.83;70.70;61.69;0.197;SOFT_UP;1;48;2;0
2026.05.05 16:00;1.17062;1.17086;1.16940;1.16951;25.42;12.79;15.96;61.50;46.95;0.032;NEUTRE;0;12.7;0;1
2026.05.05 12:00;1.16887;1.17133;1.16850;1.17062;27.64;14.75;18.42;52.88;32.86;0.127;NEUTRE;0;50;2;1
2026.05.05 08:00;1.16887;1.16975;1.16808;1.16888;30.19;8.43;21.25;26.46;21.27;-0.022;NEUTRE;0;-17.2;0;1
2026.05.05 04:00;1.16836;1.16965;1.16762;1.16887;28.19;8.81;24.52;19.23;18.79;-0.023;NEUTRE;0;-32.9;-1;0
2026.05.05 00:00;1.16914;1.16937;1.16794;1.16837;25.28;10.17;25.87;18.11;17.46;-0.066;NEUTRE;0;;;0
2026.05.04 20:00;1.16947;1.16947;1.16853;1.16914;22.47;11.73;23.50;19.01;14.65;-0.291;SOFT_DOWN;-1;-58.6;-2;0
2026.05.04 16:00;1.16971;1.17020;1.16808;1.16947;20.78;13.53;27.11;15.25;13.98;-0.263;SOFT_DOWN;-1;-61.6;-2;1
2026.05.04 12:00;1.16929;1.17175;1.16918;1.16972;18.84;15.62;23.30;9.68;15.38;-0.241;SOFT_DOWN;-1;-66.2;-3;1
2026.05.04 08:00;1.17175;1.17234;1.16885;1.16929;18.70;18.02;26.89;17.02;17.46;-0.278;SOFT_DOWN;-1;-75.7;-3;1
2026.05.04 04:00;1.17372;1.17380;1.17150;1.17174;18.54;20.79;19.34;19.44;13.88;-0.069;NEUTRE;0;-62.8;-2;0
2026.05.04 00:00;1.17255;1.17386;1.17198;1.17372;20.84;23.99;19.10;15.93;13.70;0.100;NEUTRE;0;;;0
2026.05.03 20:00;1.17456;1.17481;1.17247;1.17255;22.30;27.68;18.03;6.26;21.95;-0.171;NEUTRE;0;-43.9;-1;0
2026.05.01 20:00;1.17193;1.17222;1.17149;1.17155;22.48;19.72;20.81;18.91;43.78;-0.111;NEUTRE;0;-32;-1;0
2026.05.01 16:00;1.17547;1.17568;1.17175;1.17193;25.53;22.75;18.53;40.69;65.34;-0.078;NEUTRE;0;-28.8;-1;1
2026.05.01 12:00;1.17511;1.17850;1.17436;1.17547;27.88;26.25;11.16;71.75;79.91;0.223;SOFT_UP;1;64.5;2;1
2026.05.01 08:00;1.17342;1.17580;1.17305;1.17511;25.97;20.26;12.88;83.59;84.97;0.193;NEUTRE;0;69.8;3;1
2026.05.01 04:00;1.17308;1.17447;1.17185;1.17341;26.54;15.93;14.86;84.39;86.73;0.048;NEUTRE;0;53.5;2;0
2026.05.01 00:00;1.17285;1.17361;1.17239;1.17308;30.09;13.33;17.15;86.94;87.61;0.020;NEUTRE;0;;;0
2026.04.30 20:00;1.17334;1.17361;1.17276;1.17285;32.79;15.38;15.12;88.87;83.44;0.378;SOFT_UP;1;64.8;2;0
2026.04.30 16:00;1.17282;1.17414;1.17218;1.17333;37.70;17.75;17.45;87.03;69.66;0.419;STRONG_UP;2;71.3;3;1
2026.04.30 12:00;1.17046;1.17355;1.16815;1.17282;43.37;15.85;20.13;74.42;52.33;0.376;SOFT_UP;1;74.2;3;1
2026.04.30 08:00;1.16791;1.17193;1.16729;1.17046;48.21;13.67;23.23;47.54;36.78;0.174;NEUTRE;0;67.8;3;1
2026.04.30 04:00;1.16656;1.16836;1.16547;1.16791;51.64;3.94;26.80;35.04;32.58;-0.045;NEUTRE;0;-51.7;-2;0
2026.04.30 00:00;1.16843;1.16892;1.16621;1.16656;48.15;4.55;26.99;27.78;30.22;-0.160;NEUTRE;0;;;0
2026.04.29 20:00;1.16759;1.16862;1.16679;1.16843;44.61;5.24;27.85;34.91;35.67;-0.281;SOFT_DOWN;-1;-57.7;-2;0
2026.04.29 16:00;1.16945;1.16985;1.16608;1.16760;40.96;6.05;32.13;27.97;42.81;-0.352;SOFT_DOWN;-1;-68;-3;1
2026.04.29 12:00;1.17006;1.17079;1.16821;1.16944;36.75;6.98;28.38;44.13;58.81;-0.195;SOFT_DOWN;-1;-61.4;-2;1
2026.04.29 08:00;1.17052;1.17094;1.16933;1.17006;33.10;8.06;26.07;56.32;69.29;-0.142;NEUTRE;0;-63.4;-2;1
2026.04.29 04:00;1.17056;1.17080;1.16961;1.17052;30.07;9.30;27.41;75.98;76.46;-0.102;NEUTRE;0;-70.8;-3;0
2026.04.29 00:00;1.17172;1.17202;1.17047;1.17054;27.11;10.73;20.50;75.56;66.51;-0.101;NEUTRE;0;;;0
2026.04.28 20:00;1.17095;1.17179;1.17090;1.17172;26.46;12.38;19.39;77.83;50.72;-0.048;NEUTRE;0;-15.1;0;0
2026.04.28 16:00;1.17134;1.17175;1.17051;1.17095;27.14;13.59;22.37;46.15;28.17;-0.113;NEUTRE;0;-38.5;-1;1
2026.04.28 12:00;1.16827;1.17155;1.16771;1.17134;27.55;13.20;25.81;28.17;17.66;-0.080;NEUTRE;0;-36.9;-1;1
2026.04.28 08:00;1.16965;1.17075;1.16818;1.16827;26.82;12.02;29.79;10.18;14.86;-0.342;SOFT_DOWN;-1;-78.3;-3;1
2026.04.28 04:00;1.17130;1.17160;1.16855;1.16963;24.41;13.87;32.15;14.64;24.23;-0.226;SOFT_DOWN;-1;-81.1;-3;0
2026.04.28 00:00;1.17228;1.17266;1.17076;1.17130;22.05;16.01;25.95;19.76;38.77;-0.084;NEUTRE;0;;;0
2026.04.27 20:00;1.17204;1.17229;1.17186;1.17227;21.80;18.47;21.04;38.28;58.41;0.149;NEUTRE;0;40;1;0
2026.04.27 16:00;1.17304;1.17336;1.17185;1.17201;24.15;21.31;24.28;58.28;75.71;0.126;NEUTRE;0;41.6;1;1
2026.04.27 12:00;1.17410;1.17546;1.17290;1.17304;26.87;24.59;17.31;78.68;83.75;0.214;SOFT_UP;1;63.5;2;1
2026.04.27 08:00;1.17436;1.17506;1.17375;1.17410;28.33;28.38;14.87;90.17;84.38;0.305;SOFT_UP;1;76.9;3;1
2026.04.27 04:00;1.17291;1.17447;1.17163;1.17436;27.89;25.81;17.16;82.40;81.88;0.327;SOFT_UP;1;83.8;3;0
2026.04.27 00:00;1.17053;1.17323;1.17053;1.17291;29.08;23.07;19.79;80.57;85.92;0.203;SOFT_UP;1;;;0
2026.04.26 20:00;1.16970;1.17121;1.16954;1.17052;32.37;15.15;22.84;82.65;90.36;0.070;NEUTRE;0;21.5;0;0
2026.04.24 20:00;1.17182;1.17230;1.17165;1.17200;34.24;17.48;13.16;94.53;88.81;0.315;SOFT_UP;1;60.6;2;0
2026.04.24 16:00;1.17173;1.17208;1.17108;1.17182;37.34;14.96;15.18;93.91;74.91;0.300;SOFT_UP;1;64.7;2;1
2026.04.24 12:00;1.17143;1.17195;1.16983;1.17173;42.97;15.26;17.52;77.98;54.20;0.292;SOFT_UP;1;70;3;1
2026.04.24 08:00;1.16906;1.17181;1.16836;1.17141;48.52;16.60;20.21;52.85;37.73;0.264;SOFT_UP;1;74.9;3;1
2026.04.24 04:00;1.16777;1.16934;1.16758;1.16908;54.48;8.13;23.32;31.78;34.20;0.065;NEUTRE;0;61.4;2;0
2026.04.24 00:00;1.16832;1.16891;1.16725;1.16778;55.43;5.63;26.91;28.54;38.00;-0.046;NEUTRE;0;;;0
2026.04.23 20:00;1.16862;1.16882;1.16773;1.16832;53.89;6.49;26.60;42.27;40.57;-0.189;NEUTRE;0;-46.8;-2;0
2026.04.23 16:00;1.17030;1.17053;1.16689;1.16862;52.84;7.49;30.69;43.18;31.78;-0.163;NEUTRE;0;-48.9;-2;1
2026.04.23 12:00;1.16902;1.17162;1.16819;1.17030;51.62;8.65;29.92;36.24;20.39;-0.020;NEUTRE;0;-10.6;0;1
2026.04.23 08:00;1.17022;1.17050;1.16788;1.16902;51.07;4.95;34.53;15.90;9.51;-0.129;NEUTRE;0;-61.2;-2;1
2026.04.23 04:00;1.16953;1.17117;1.16949;1.17022;47.40;5.71;30.38;9.03;5.04;-0.026;NEUTRE;0;-36.2;-1;0
2026.04.23 00:00;1.17053;1.17134;1.16921;1.16953;44.18;6.59;35.06;3.59;5.79;-0.085;NEUTRE;0;;;0
2026.04.22 20:00;1.17053;1.17085;1.17026;1.17053;40.47;7.61;32.87;2.51;16.19;-0.327;SOFT_DOWN;-1;-61.5;-2;0
2026.04.22 16:00;1.17131;1.17166;1.17046;1.17053;37.09;8.78;32.71;11.26;30.38;-0.327;SOFT_DOWN;-1;-66.5;-3;1
2026.04.22 12:00;1.17343;1.17430;1.17121;1.17129;33.92;10.13;28.13;34.80;41.86;-0.262;SOFT_DOWN;-1;-67.9;-3;1
2026.04.22 08:00;1.17550;1.17587;1.17316;1.17343;31.90;11.69;22.74;45.09;39.36;-0.080;NEUTRE;0;-48.4;-2;1
2026.04.22 04:00;1.17381;1.17623;1.17380;1.17550;31.87;13.48;22.61;45.69;32.08;0.096;NEUTRE;0;69.7;3;0
2026.04.22 00:00;1.17437;1.17510;1.17373;1.17381;32.88;8.40;26.09;27.29;22.95;-0.048;NEUTRE;0;;;0
2026.04.21 20:00;1.17251;1.17532;1.17230;1.17437;30.05;9.70;30.10;23.27;22.08;-0.340;SOFT_DOWN;-1;-62.4;-2;0
2026.04.21 16:00;1.17511;1.17634;1.17186;1.17252;26.78;11.19;34.73;18.29;26.83;-0.497;STRONG_DOWN;-2;-74.1;-3;1
2026.04.21 12:00;1.17668;1.17756;1.17408;1.17511;23.02;12.91;32.45;24.69;39.84;-0.277;SOFT_DOWN;-1;-69;-3;1
2026.04.21 08:00;1.17639;1.17680;1.17559;1.17668;19.93;14.90;30.77;37.52;58.30;-0.144;NEUTRE;0;-63.8;-2;1
2026.04.21 04:00;1.17753;1.17819;1.17631;1.17639;17.65;17.19;26.35;57.30;75.62;-0.169;NEUTRE;0;-78.1;-3;0
2026.04.21 00:00;1.17838;1.17859;1.17729;1.17753;17.12;19.83;22.38;80.08;86.07;-0.072;NEUTRE;0;;;0
2026.04.20 20:00;1.17857;1.17907;1.17829;1.17838;18.83;22.88;13.99;89.48;81.90;0.385;SOFT_UP;1;65.2;3;0
2026.04.20 16:00;1.17837;1.17899;1.17784;1.17857;18.02;24.82;16.15;88.65;65.80;0.401;SOFT_UP;1;70.5;3;1
2026.04.20 12:00;1.17667;1.17892;1.17555;1.17837;17.53;27.71;18.63;67.58;43.82;0.384;SOFT_UP;1;74.5;3;1
2026.04.20 08:00;1.17590;1.17752;1.17549;1.17667;17.21;25.58;21.49;41.17;25.97;0.239;SOFT_UP;1;73.5;3;1
2026.04.20 04:00;1.17599;1.17716;1.17467;1.17590;18.53;26.79;24.80;22.70;14.19;0.174;NEUTRE;0;78.5;3;0
2026.04.20 00:00;1.17386;1.17622;1.17367;1.17599;20.78;25.10;28.62;14.06;11.41;0.181;NEUTRE;0;;;0
2026.04.19 20:00;1.17351;1.17452;1.17286;1.17386;22.97;18.70;33.02;5.82;16.54;0.030;NEUTRE;0;9.6;0;0
2026.04.17 20:00;1.17687;1.17716;1.17602;1.17651;22.25;21.58;24.78;14.35;32.56;-0.132;NEUTRE;0;-36.6;-1;0
2026.04.17 16:00;1.18004;1.18043;1.17667;1.17687;24.61;24.90;19.82;29.46;51.98;-0.102;NEUTRE;0;-35.7;-1;1
2026.04.17 12:00;1.17934;1.18487;1.17930;1.18004;26.65;28.73;12.11;53.86;58.40;0.167;NEUTRE;0;57.5;2;1
2026.04.17 08:00;1.17819;1.17991;1.17805;1.17933;24.49;19.45;13.97;72.63;51.83;0.107;NEUTRE;0;56.4;2;1
2026.04.17 04:00;1.17831;1.17842;1.17718;1.17819;25.73;10.12;16.12;48.71;36.58;0.010;NEUTRE;0;15.7;0;0
2026.04.17 00:00;1.17807;1.17849;1.17727;1.17831;26.17;11.68;17.49;34.13;28.56;0.020;NEUTRE;0;;;0
2026.04.16 20:00;1.17808;1.17870;1.17758;1.17807;27.14;13.47;16.27;26.91;26.00;-0.218;SOFT_DOWN;-1;-50.8;-2;0
2026.04.16 16:00;1.17818;1.17868;1.17679;1.17808;29.87;15.27;18.77;24.64;31.90;-0.217;SOFT_DOWN;-1;-56.8;-2;1
2026.04.16 12:00;1.17837;1.17844;1.17668;1.17818;32.88;15.67;21.66;26.44;46.00;-0.208;SOFT_DOWN;-1;-62.9;-2;1
2026.04.16 08:00;1.17912;1.17936;1.17721;1.17837;35.47;18.08;20.36;44.63;65.04;-0.192;NEUTRE;0;-69.7;-3;1
2026.04.16 04:00;1.18126;1.18128;1.17906;1.17912;40.01;20.86;10.25;66.94;77.50;-0.129;NEUTRE;0;-74.6;-3;0
2026.04.16 00:00;1.18064;1.18235;1.17965;1.18126;40.92;24.07;7.74;83.56;76.44;0.053;NEUTRE;0;;;0
2026.04.15 20:00;1.17995;1.18075;1.17950;1.18064;39.32;18.65;8.93;81.99;63.52;0.071;NEUTRE;0;21.8;0;0
2026.04.15 16:00;1.17977;1.18046;1.17923;1.17995;39.95;17.96;10.30;63.76;46.42;0.013;NEUTRE;0;5.2;0;1
2026.04.15 12:00;1.17827;1.18077;1.17769;1.17977;41.93;20.72;11.89;44.82;41.48;-0.003;NEUTRE;0;-1.6;0;1
2026.04.15 08:00;1.17853;1.17950;1.17716;1.17827;44.21;17.56;13.72;30.69;46.94;-0.130;NEUTRE;0;-61.4;-2;1
2026.04.15 04:00;1.17869;1.17990;1.17824;1.17853;49.13;20.26;8.73;48.93;59.42;-0.108;NEUTRE;0;-71.8;-3;0
2026.04.15 00:00;1.17980;1.17984;1.17784;1.17869;50.56;22.82;10.07;61.21;69.08;-0.094;NEUTRE;0;;;0
2026.04.14 20:00;1.17915;1.18015;1.17881;1.17981;52.38;26.34;4.16;68.14;76.62;0.269;SOFT_UP;1;56.6;2;0
2026.04.14 16:00;1.17900;1.17992;1.17879;1.17915;49.25;27.75;4.80;77.90;84.52;0.212;SOFT_UP;1;56.2;2;1
2026.04.14 12:00;1.17995;1.18108;1.17871;1.17900;45.98;32.02;5.54;83.81;89.82;0.200;SOFT_UP;1;62;2;1
2026.04.14 08:00;1.17796;1.18059;1.17747;1.17992;42.20;33.76;6.39;91.84;94.41;0.278;SOFT_UP;1;75.7;3;1
2026.04.14 04:00;1.17665;1.17964;1.17577;1.17797;38.21;34.27;7.37;93.81;94.84;0.112;NEUTRE;0;72.4;3;0
2026.04.14 00:00;1.17665;1.17678;1.17559;1.17665;34.15;28.17;8.51;97.56;86.94;0.000;NEUTRE;0;;;0
2026.04.13 20:00;1.17598;1.17665;1.17531;1.17664;31.15;30.83;9.82;93.14;71.11;0.786;EXPLOSIVE_UP;3;77.3;3;0
2026.04.13 16:00;1.17093;1.17651;1.17067;1.17599;27.99;33.96;11.33;70.11;51.99;0.731;EXPLOSIVE_UP;3;79;3;1
2026.04.13 12:00;1.16814;1.17204;1.16803;1.17092;24.61;27.41;13.07;50.08;39.09;0.296;SOFT_UP;1;70.2;3;1
2026.04.13 08:00;1.16969;1.16993;1.16806;1.16814;22.94;23.53;15.08;35.79;35.39;0.058;NEUTRE;0;39.2;1;1
2026.04.13 04:00;1.16877;1.16998;1.16776;1.16969;23.10;27.15;17.40;31.40;41.56;0.191;NEUTRE;0;79.5;3;0
2026.04.13 00:00;1.16746;1.16899;1.16708;1.16877;23.29;24.47;20.07;38.99;56.54;0.112;NEUTRE;0;;;0
2026.04.12 20:00;1.16633;1.16805;1.16629;1.16746;25.35;20.66;23.16;54.30;69.30;0.097;NEUTRE;0;28.7;1;0
2026.04.10 20:00;1.17270;1.17306;1.17204;1.17242;28.38;23.84;12.30;76.34;69.60;0.282;SOFT_UP;1;57.8;2;0
2026.04.10 16:00;1.17219;1.17350;1.17132;1.17270;27.83;27.51;14.19;77.25;60.47;0.306;SOFT_UP;1;65.1;3;1
2026.04.10 12:00;1.17137;1.17391;1.17092;1.17221;27.19;31.74;16.37;55.21;49.12;0.264;SOFT_UP;1;68;3;1
2026.04.10 08:00;1.16794;1.17184;1.16771;1.17136;26.46;25.97;18.89;48.96;50.68;0.192;NEUTRE;0;69.7;3;1
2026.04.10 04:00;1.16954;1.16963;1.16786;1.16793;28.11;21.73;21.79;43.18;58.20;-0.102;NEUTRE;0;-70.8;-3;0
2026.04.10 00:00;1.16912;1.16964;1.16852;1.16954;32.41;25.08;19.41;59.88;72.28;0.036;NEUTRE;0;;;0
2026.04.09 20:00;1.17003;1.17022;1.16898;1.16912;35.43;28.93;16.08;71.55;74.33;0.278;SOFT_UP;1;57.4;2;0
2026.04.09 16:00;1.17051;1.17232;1.16970;1.17002;36.49;33.38;9.62;85.40;64.20;0.355;SOFT_UP;1;68.2;3;1
2026.04.09 12:00;1.16880;1.17068;1.16739;1.17051;33.60;28.89;11.10;66.04;43.41;0.397;SOFT_UP;1;75;3;1
2026.04.09 08:00;1.16626;1.16891;1.16593;1.16881;31.93;25.06;12.80;41.16;29.77;0.251;SOFT_UP;1;74.2;3;1
2026.04.09 04:00;1.16620;1.16707;1.16539;1.16626;31.86;19.41;14.77;23.03;31.85;0.033;NEUTRE;0;42.9;1;0
2026.04.09 00:00;1.16588;1.16670;1.16500;1.16620;34.67;19.01;17.05;25.12;48.14;0.027;NEUTRE;0;;;0
2026.04.08 20:00;1.16675;1.16691;1.16560;1.16588;39.17;21.94;14.24;47.40;68.55;-0.233;SOFT_DOWN;-1;-52.7;-2;0
2026.04.08 16:00;1.16859;1.16883;1.16431;1.16675;41.92;25.31;16.43;71.88;82.43;-0.158;NEUTRE;0;-48.1;-2;1
2026.04.08 12:00;1.16998;1.17214;1.16840;1.16859;45.10;29.21;5.04;86.36;88.72;-0.001;NEUTRE;0;-0.5;0;1
2026.04.08 08:00;1.16953;1.17100;1.16686;1.16997;41.17;29.01;5.81;89.05;90.11;0.117;NEUTRE;0;58.7;2;1
2026.04.08 04:00;1.16702;1.17083;1.16702;1.16953;37.26;32.84;6.71;90.76;91.14;0.080;NEUTRE;0;66.1;3;0
2026.04.08 00:00;1.16860;1.16966;1.16656;1.16702;32.83;33.17;7.74;90.53;88.02;-0.135;NEUTRE;0;;;0
2026.04.07 20:00;1.15947;1.16900;1.15890;1.16860;28.31;35.00;8.93;92.12;79.19;1.261;EXPLOSIVE_UP;3;82;3;0
2026.04.07 16:00;1.15707;1.16015;1.15661;1.15947;23.54;26.90;10.30;81.42;63.23;0.470;STRONG_UP;2;73.2;3;1
2026.04.07 12:00;1.15597;1.15833;1.15535;1.15707;20.30;23.13;11.89;64.01;47.63;0.262;SOFT_UP;1;67.9;3;1
2026.04.07 08:00;1.15425;1.15753;1.15416;1.15597;18.48;22.56;13.72;44.25;40.19;0.166;NEUTRE;0;66.8;3;1
2026.04.07 04:00;1.15341;1.15457;1.15299;1.15425;17.57;12.52;15.83;34.62;43.14;0.017;NEUTRE;0;25.6;1;0
2026.04.07 00:00;1.15405;1.15436;1.15239;1.15341;18.48;12.40;18.26;41.69;51.48;-0.055;NEUTRE;0;;;0
2026.04.06 20:00;1.15425;1.15475;1.15378;1.15405;18.38;14.31;10.22;53.11;61.53;0.271;SOFT_UP;1;56.8;2;0
2026.04.06 16:00;1.15440;1.15523;1.15338;1.15425;18.64;16.51;11.79;59.62;66.39;0.288;SOFT_UP;1;63.8;2;1
2026.04.06 12:00;1.15454;1.15712;1.15352;1.15440;18.95;19.05;12.44;71.84;64.00;0.301;SOFT_UP;1;70.5;3;1
2026.04.06 08:00;1.15639;1.15682;1.15372;1.15454;18.63;20.69;14.35;67.70;45.63;0.314;SOFT_UP;1;77.3;3;1
2026.04.06 04:00;1.15187;1.15684;1.15182;1.15640;18.72;23.88;16.56;52.45;25.13;0.475;STRONG_UP;2;85.7;3;0
2026.04.06 00:00;1.15093;1.15284;1.15060;1.15187;18.81;15.29;19.11;16.75;9.94;0.082;NEUTRE;0;;;0
2026.04.05 20:00;1.15214;1.15230;1.15047;1.15094;20.00;13.94;22.05;6.18;12.14;-0.104;NEUTRE;0;-30.4;-1;0
2026.04.03 20:00;1.15142;1.15296;1.15095;1.15116;19.61;16.08;21.40;6.90;25.50;-0.256;SOFT_DOWN;-1;-55.3;-2;0
2026.04.03 16:00;1.15219;1.15221;1.15137;1.15142;20.44;12.82;24.70;23.35;41.81;-0.233;SOFT_DOWN;-1;-58.6;-2;1
2026.04.03 12:00;1.15440;1.15457;1.15171;1.15218;18.71;14.79;22.27;46.25;52.17;-0.167;NEUTRE;0;-57.5;-2;1
2026.04.03 08:00;1.15425;1.15487;1.15398;1.15440;18.48;17.06;13.49;55.83;50.48;0.025;NEUTRE;0;19.4;0;1
2026.04.03 04:00;1.15360;1.15461;1.15290;1.15425;19.53;15.19;15.56;54.44;44.47;0.012;NEUTRE;0;18.7;0;0
2026.04.03 00:00;1.15411;1.15449;1.15317;1.15360;22.35;17.53;15.52;41.17;33.88;-0.044;NEUTRE;0;;;0
2026.04.02 20:00;1.15343;1.15427;1.15313;1.15412;24.85;17.66;17.91;37.80;26.51;-0.416;SOFT_DOWN;-1;-66.9;-3;0
2026.04.02 16:00;1.15448;1.15489;1.15327;1.15343;28.56;20.38;18.78;22.66;16.83;-0.475;STRONG_DOWN;-2;-73.4;-3;1
2026.04.02 12:00;1.15176;1.15637;1.15166;1.15448;32.33;23.51;21.67;19.06;15.44;-0.385;SOFT_DOWN;-1;-74.5;-3;1
2026.04.02 08:00;1.15321;1.15355;1.15089;1.15172;36.68;17.92;25.00;8.77;17.99;-0.623;STRONG_DOWN;-2;-83.5;-3;1
2026.04.02 04:00;1.15394;1.15417;1.15149;1.15322;39.78;20.68;25.38;18.47;33.87;-0.494;STRONG_DOWN;-2;-85.9;-3;0
2026.04.02 00:00;1.15894;1.16053;1.15373;1.15394;44.33;23.86;16.42;26.72;52.90;-0.431;STRONG_DOWN;-2;;;0
2026.04.01 20:00;1.15835;1.15943;1.15829;1.15894;48.31;27.53;8.63;56.42;73.45;0.137;NEUTRE;0;37.7;1;0
2026.04.01 16:00;1.16134;1.16232;1.15760;1.15835;47.70;31.77;9.96;75.57;84.17;0.086;NEUTRE;0;31.2;1;1
2026.04.01 12:00;1.16072;1.16268;1.15935;1.16134;47.01;36.65;5.79;88.36;88.94;0.345;SOFT_UP;1;72.8;3;1
2026.04.01 08:00;1.15818;1.16103;1.15772;1.16072;43.05;34.67;6.68;88.56;90.94;0.291;SOFT_UP;1;76.3;3;1
2026.04.01 04:00;1.15605;1.15984;1.15591;1.15818;39.26;34.47;7.71;89.91;92.17;0.072;NEUTRE;0;63.8;2;0
2026.04.01 00:00;1.15735;1.15785;1.15546;1.15605;35.54;31.98;8.90;94.36;92.27;-0.112;NEUTRE;0;;;0
2026.03.31 20:00;1.15588;1.15742;1.15508;1.15735;32.32;34.14;10.27;92.23;86.63;1.022;EXPLOSIVE_UP;3;80.1;3;0
2026.03.31 16:00;1.15170;1.15596;1.15137;1.15585;29.03;29.79;11.85;90.24;78.17;0.891;EXPLOSIVE_UP;3;80.9;3;1
2026.03.31 12:00;1.14908;1.15403;1.14866;1.15170;26.86;27.90;13.67;77.42;60.72;0.529;STRONG_UP;2;78.6;3;1
2026.03.31 08:00;1.14719;1.14908;1.14573;1.14908;25.73;18.01;15.77;66.85;43.80;0.300;SOFT_UP;1;76.7;3;1
2026.03.31 04:00;1.14693;1.14741;1.14605;1.14720;28.66;13.12;18.20;37.91;27.37;0.136;NEUTRE;0;75.4;3;0
2026.03.31 00:00;1.14564;1.14905;1.14469;1.14693;30.58;15.13;21.00;26.64;19.62;0.113;NEUTRE;0;;;0
2026.03.30 20:00;1.14593;1.14673;1.14519;1.14564;32.78;9.28;24.23;17.56;15.42;-0.304;SOFT_DOWN;-1;-59.7;-2;0
2026.03.30 16:00;1.14535;1.14658;1.14471;1.14594;30.96;9.20;27.95;14.66;19.03;-0.278;SOFT_DOWN;-1;-62.9;-2;1
2026.03.30 12:00;1.14845;1.14886;1.14427;1.14535;27.96;10.62;32.25;14.05;22.94;-0.329;SOFT_DOWN;-1;-72.1;-3;1
2026.03.30 08:00;1.14975;1.15003;1.14836;1.14845;24.50;12.25;23.51;28.39;26.88;-0.059;NEUTRE;0;-39.7;-1;1
2026.03.30 04:00;1.15154;1.15209;1.14937;1.14975;23.43;14.14;17.82;26.38;24.04;0.054;NEUTRE;0;56.7;2;0
2026.03.30 00:00;1.14913;1.15184;1.14891;1.15154;25.26;14.90;20.56;25.88;25.01;0.210;SOFT_UP;1;;;0
2026.03.29 20:00;1.15005;1.15022;1.14871;1.14913;26.69;8.69;23.72;19.86;23.94;-0.080;NEUTRE;0;-24.3;0;0
2026.03.27 20:00;1.15167;1.15206;1.15090;1.15121;23.66;10.02;13.90;29.29;22.15;-0.190;NEUTRE;0;-46.9;-2;0
2026.03.27 16:00;1.15190;1.15289;1.15060;1.15168;24.80;11.56;16.04;22.68;18.02;-0.149;NEUTRE;0;-46.4;-2;1
2026.03.27 12:00;1.15071;1.15475;1.15014;1.15190;26.13;13.34;18.50;14.47;19.04;-0.130;NEUTRE;0;-50.7;-2;1
2026.03.27 08:00;1.15182;1.15258;1.15045;1.15071;27.65;8.15;21.35;16.90;21.88;-0.233;SOFT_DOWN;-1;-73.1;-3;1
2026.03.27 04:00;1.15386;1.15460;1.15166;1.15185;25.03;9.41;15.89;25.73;23.65;-0.134;NEUTRE;0;-75.2;-3;0
2026.03.27 00:00;1.15340;1.15424;1.15240;1.15386;24.93;10.86;14.47;23.00;19.25;0.040;NEUTRE;0;;;0
2026.03.26 20:00;1.15215;1.15584;1.15192;1.15340;26.58;12.53;16.69;22.21;16.05;-0.235;SOFT_DOWN;-1;-52.9;-2;0
2026.03.26 16:00;1.15411;1.15429;1.15214;1.15215;28.47;8.37;19.26;12.53;12.00;-0.343;SOFT_DOWN;-1;-67.5;-3;1
2026.03.26 12:00;1.15239;1.15547;1.15219;1.15411;26.79;9.66;21.87;13.41;12.13;-0.174;NEUTRE;0;-58.5;-2;1
2026.03.26 08:00;1.15535;1.15649;1.15230;1.15239;24.95;11.15;24.72;10.05;12.49;-0.323;SOFT_DOWN;-1;-77.6;-3;1
2026.03.26 04:00;1.15683;1.15720;1.15503;1.15535;22.97;12.86;18.49;12.91;12.60;-0.067;NEUTRE;0;-62.1;-2;0
2026.03.26 00:00;1.15612;1.15691;1.15537;1.15683;23.74;14.84;18.93;14.52;18.02;0.061;NEUTRE;0;;;0
2026.03.25 20:00;1.15629;1.15632;1.15556;1.15612;25.53;11.23;21.84;10.37;28.02;-0.449;STRONG_DOWN;-2;-68.4;-3;0
2026.03.25 16:00;1.15694;1.15835;1.15549;1.15629;24.52;12.95;25.20;29.17;45.01;-0.435;STRONG_DOWN;-2;-71.9;-3;1
2026.03.25 12:00;1.16052;1.16134;1.15626;1.15695;23.35;14.95;24.94;44.52;57.22;-0.378;SOFT_DOWN;-1;-74.3;-3;1
2026.03.25 08:00;1.15973;1.16161;1.15902;1.16051;23.09;17.25;20.41;61.33;63.77;-0.071;NEUTRE;0;-45;-2;1
2026.03.25 04:00;1.16034;1.16050;1.15866;1.15972;25.35;13.31;23.55;65.81;60.83;-0.139;NEUTRE;0;-75.7;-3;0
2026.03.25 00:00;1.16134;1.16304;1.16003;1.16034;24.98;15.35;15.72;64.16;49.06;-0.086;NEUTRE;0;;;0
2026.03.24 20:00;1.15853;1.16281;1.15825;1.16135;28.64;16.54;18.14;52.51;41.71;0.049;NEUTRE;0;15.4;0;0
2026.03.24 16:00;1.15774;1.15926;1.15567;1.15853;32.33;7.11;20.93;30.51;42.97;-0.194;NEUTRE;0;-53.8;-2;1
2026.03.24 12:00;1.15889;1.16067;1.15667;1.15774;29.72;8.20;19.87;42.11;56.32;-0.262;SOFT_DOWN;-1;-67.9;-3;1
2026.03.24 08:00;1.16084;1.16091;1.15783;1.15889;27.90;9.46;18.46;56.30;67.43;-0.163;NEUTRE;0;-66.5;-3;1
2026.03.24 04:00;1.15828;1.16175;1.15753;1.16084;27.23;10.92;21.30;70.55;74.02;0.005;NEUTRE;0;8;0;0
2026.03.24 00:00;1.16078;1.16083;1.15781;1.15828;26.47;9.25;24.58;75.45;73.16;-0.215;SOFT_DOWN;-1;;;0
2026.03.23 20:00;1.16130;1.16174;1.16055;1.16078;23.56;10.67;14.40;76.07;65.61;0.398;SOFT_UP;1;66;3;0
2026.03.23 16:00;1.15855;1.16371;1.15762;1.16130;24.90;12.31;16.62;67.95;54.21;0.443;STRONG_UP;2;72.2;3;1
2026.03.23 12:00;1.15556;1.16393;1.15460;1.15857;26.44;14.20;19.18;52.81;45.17;0.207;SOFT_UP;1;62.8;2;1
2026.03.23 08:00;1.15268;1.16190;1.14841;1.15562;28.21;13.04;22.13;41.86;48.83;-0.048;NEUTRE;0;-34.1;-1;1
2026.03.23 04:00;1.15467;1.15521;1.15201;1.15268;28.58;7.42;25.53;40.84;58.29;-0.303;SOFT_DOWN;-1;-83.3;-3;0
2026.03.23 00:00;1.15618;1.15639;1.15383;1.15467;24.51;8.56;20.71;63.79;62.58;-0.131;NEUTRE;0;;;0
2026.03.22 20:00;1.15360;1.15645;1.15354;1.15618;21.90;9.88;23.89;70.24;57.29;0.224;SOFT_UP;1;51.6;2;0
2026.03.20 20:00;1.15582;1.15716;1.15570;1.15713;18.88;11.39;18.31;53.70;52.87;-0.041;NEUTRE;0;-13;0;0
2026.03.20 16:00;1.15418;1.15715;1.15409;1.15581;18.21;13.04;21.13;47.92;56.89;-0.155;NEUTRE;0;-47.5;-2;1
2026.03.20 12:00;1.15711;1.15795;1.15244;1.15418;17.36;15.05;24.38;57.00;64.74;-0.296;SOFT_DOWN;-1;-70.2;-3;1
2026.03.20 08:00;1.15730;1.15804;1.15348;1.15711;16.40;17.36;25.23;65.75;70.68;-0.043;NEUTRE;0;-31.2;-1;1
2026.03.20 04:00;1.15564;1.15749;1.15522;1.15726;16.08;20.04;23.24;71.47;74.85;-0.030;NEUTRE;0;-40.2;-1;0
2026.03.20 00:00;1.15761;1.15798;1.15559;1.15564;17.41;23.12;24.31;74.81;74.68;-0.170;NEUTRE;0;;;0
2026.03.19 20:00;1.15844;1.15949;1.15742;1.15761;19.70;26.68;16.27;78.26;63.04;0.987;EXPLOSIVE_UP;3;79.8;3;0
2026.03.19 16:00;1.15137;1.16159;1.15116;1.15844;19.01;30.78;18.77;70.98;44.40;1.059;EXPLOSIVE_UP;3;82.4;3;1
2026.03.19 12:00;1.14794;1.15386;1.14623;1.15138;18.20;24.11;21.66;39.90;25.12;0.443;STRONG_UP;2;76.5;3;1
2026.03.19 08:00;1.14521;1.14877;1.14428;1.14794;20.18;17.56;24.99;22.32;16.19;0.143;NEUTRE;0;63.6;2;1
2026.03.19 04:00;1.14741;1.14765;1.14505;1.14522;20.60;16.42;28.83;13.14;13.50;-0.094;NEUTRE;0;-69.3;-3;0
2026.03.19 00:00;1.14630;1.14910;1.14619;1.14742;19.54;18.95;26.52;13.10;18.30;0.098;NEUTRE;0;;;0
2026.03.18 20:00;1.14687;1.14716;1.14496;1.14630;19.99;11.61;30.60;14.25;30.49;-0.656;STRONG_DOWN;-2;-74.9;-3;0
2026.03.18 16:00;1.15126;1.15250;1.14681;1.14691;16.14;13.39;22.38;27.55;49.02;-0.603;STRONG_DOWN;-2;-76.7;-3;1
2026.03.18 12:00;1.15464;1.15478;1.14904;1.15126;14.76;15.45;19.79;49.66;65.52;-0.226;SOFT_DOWN;-1;-64.8;-2;1
2026.03.18 08:00;1.15260;1.15550;1.15174;1.15463;15.14;17.83;15.60;69.85;77.61;0.066;NEUTRE;0;42.9;1;1
2026.03.18 04:00;1.15357;1.15490;1.15229;1.15260;16.44;18.12;18.00;77.06;82.30;-0.110;NEUTRE;0;-72.1;-3;0
2026.03.18 00:00;1.15387;1.15436;1.15316;1.15358;18.91;20.91;15.64;85.93;82.67;-0.025;NEUTRE;0;;;0
2026.03.17 20:00;1.15354;1.15444;1.15337;1.15385;19.61;24.12;15.35;83.90;76.11;0.352;SOFT_UP;1;63.2;2;0
2026.03.17 16:00;1.15246;1.15470;1.15179;1.15354;19.20;27.84;17.71;78.17;69.12;0.325;SOFT_UP;1;66.4;3;1
2026.03.17 12:00;1.15072;1.15432;1.15040;1.15246;18.74;30.11;20.44;66.26;65.28;0.231;SOFT_UP;1;65.2;3;1
2026.03.17 08:00;1.14945;1.15245;1.14873;1.15072;18.68;27.40;23.58;62.94;68.55;0.080;NEUTRE;0;48.4;2;1
2026.03.17 04:00;1.14915;1.14998;1.14656;1.14946;20.40;21.40;27.21;66.64;74.58;-0.030;NEUTRE;0;-40.2;-1;0
2026.03.17 00:00;1.14980;1.15026;1.14861;1.14915;21.70;24.70;22.17;76.08;80.86;-0.057;NEUTRE;0;;;0
2026.03.16 20:00;1.15077;1.15102;1.14945;1.14980;24.21;28.49;17.75;81.02;80.31;0.549;STRONG_UP;2;72.1;3;0
2026.03.16 16:00;1.14861;1.15246;1.14773;1.15076;24.36;32.88;20.48;85.49;73.72;0.633;STRONG_UP;2;77.4;3;1
2026.03.16 12:00;1.14789;1.15017;1.14719;1.14866;24.53;30.49;23.63;74.42;58.21;0.449;STRONG_UP;2;76.7;3;1
2026.03.16 08:00;1.14254;1.14869;1.14254;1.14791;26.36;27.54;27.27;61.25;42.44;0.384;SOFT_UP;1;79.5;3;1
2026.03.16 04:00;1.14503;1.14510;1.14139;1.14254;30.33;22.79;31.46;38.95;25.75;-0.086;NEUTRE;0;-67.6;-3;0
2026.03.16 00:00;1.14352;1.14562;1.14348;1.14503;32.54;26.30;27.64;27.10;14.69;0.132;NEUTRE;0;;;0
2026.03.15 20:00;1.14194;1.14386;1.14181;1.14353;37.17;17.69;31.89;11.20;10.89;0.139;NEUTRE;0;38.1;1;0
2026.03.13 20:00;1.14220;1.14224;1.14105;1.14155;38.48;9.63;36.80;5.77;12.64;-0.912;EXPLOSIVE_DOWN;-3;-79;-3;0
2026.03.13 16:00;1.14428;1.14502;1.14196;1.14220;35.40;11.11;30.69;15.70;16.20;-0.856;EXPLOSIVE_DOWN;-3;-80.6;-3;1
2026.03.13 12:00;1.14681;1.14897;1.14341;1.14428;33.63;12.82;28.13;16.44;13.82;-0.675;STRONG_DOWN;-2;-81;-3;1
2026.03.13 08:00;1.14575;1.14717;1.14326;1.14681;33.06;9.81;32.45;16.45;12.13;-0.456;STRONG_DOWN;-2;-81.2;-3;1
2026.03.13 04:00;1.15089;1.15089;1.14539;1.14575;29.90;11.32;29.06;8.56;11.68;-0.548;STRONG_DOWN;-2;-86.3;-3;0
2026.03.13 00:00;1.15206;1.15294;1.15045;1.15089;27.74;13.06;19.38;11.37;16.95;-0.102;NEUTRE;0;;;0
2026.03.12 20:00;1.15147;1.15229;1.15097;1.15206;29.01;11.05;22.36;15.10;22.82;-0.189;NEUTRE;0;-46.8;-2;0
2026.03.12 16:00;1.15214;1.15323;1.15103;1.15147;28.26;12.75;25.11;24.39;25.50;-0.240;SOFT_DOWN;-1;-59.4;-2;1
2026.03.12 12:00;1.15559;1.15572;1.15107;1.15217;27.59;14.71;28.69;28.97;20.79;-0.179;NEUTRE;0;-59.2;-2;1
2026.03.12 08:00;1.15508;1.15659;1.15430;1.15559;26.88;16.98;22.42;23.13;13.68;0.117;NEUTRE;0;58.7;2;1
2026.03.12 04:00;1.15381;1.15525;1.15316;1.15508;28.89;10.59;25.86;10.26;7.93;0.073;NEUTRE;0;64.1;2;0
2026.03.12 00:00;1.15424;1.15553;1.15319;1.15381;26.89;12.22;29.62;7.65;6.91;-0.037;NEUTRE;0;;;0
2026.03.11 20:00;1.15728;1.15731;1.15395;1.15424;24.63;14.10;29.18;5.88;7.25;-0.592;STRONG_DOWN;-2;-73.3;-3;0
2026.03.11 16:00;1.15659;1.15764;1.15605;1.15728;23.05;16.26;24.06;7.20;12.71;-0.330;SOFT_DOWN;-1;-66.7;-3;1
2026.03.11 12:00;1.15943;1.16125;1.15652;1.15659;23.63;18.77;23.21;8.67;18.94;-0.389;SOFT_DOWN;-1;-74.7;-3;1
2026.03.11 08:00;1.16167;1.16211;1.15898;1.15942;25.63;21.65;18.78;22.27;23.72;-0.146;NEUTRE;0;-64.1;-2;1
2026.03.11 04:00;1.16299;1.16452;1.16131;1.16167;28.48;24.98;10.22;25.87;26.74;0.048;NEUTRE;0;53.5;2;0
2026.03.11 00:00;1.16111;1.16315;1.16053;1.16299;26.41;22.26;11.79;23.03;36.17;0.162;NEUTRE;0;;;0
2026.03.10 20:00;1.16140;1.16150;1.16026;1.16111;25.74;16.00;13.60;31.32;56.15;-0.044;NEUTRE;0;-13.9;0;0
2026.03.10 16:00;1.16472;1.16669;1.16062;1.16140;28.45;18.46;11.23;54.16;72.61;-0.019;NEUTRE;0;-7.6;0;1
2026.03.10 12:00;1.16382;1.16548;1.16211;1.16472;29.08;21.30;9.18;82.96;81.84;0.267;SOFT_UP;1;68.3;3;1
2026.03.10 08:00;1.16602;1.16615;1.16200;1.16380;27.44;24.58;10.59;80.72;79.75;0.188;NEUTRE;0;69.3;3;1
2026.03.10 04:00;1.16092;1.16633;1.16066;1.16602;25.54;28.36;12.22;81.84;80.72;0.379;SOFT_UP;1;84.6;3;0
2026.03.10 00:00;1.16162;1.16352;1.16075;1.16092;23.35;25.10;14.10;76.70;78.11;-0.060;NEUTRE;0;;;0
2026.03.09 20:00;1.16086;1.16454;1.16084;1.16162;22.63;28.96;15.77;83.61;73.35;0.800;EXPLOSIVE_UP;3;77.5;3;0
2026.03.09 16:00;1.15912;1.16334;1.15750;1.16085;21.57;28.42;18.19;74.02;57.23;0.733;EXPLOSIVE_UP;3;79;3;1
2026.03.09 12:00;1.15611;1.15934;1.15471;1.15912;21.52;22.26;20.99;62.41;39.53;0.583;STRONG_UP;2;79.6;3;1
2026.03.09 08:00;1.15633;1.15728;1.15149;1.15609;24.38;18.84;24.22;35.26;28.25;0.320;SOFT_UP;1;77.5;3;1
2026.03.09 04:00;1.15163;1.15711;1.15155;1.15632;26.20;21.28;27.95;20.91;33.58;0.340;SOFT_UP;1;84;3;0
2026.03.09 00:00;1.15240;1.15312;1.15069;1.15163;28.15;13.52;32.25;28.58;50.10;-0.067;NEUTRE;0;;;0
2026.03.08 20:00;1.15441;1.15552;1.15210;1.15240;26.18;15.60;28.28;51.26;55.04;-0.174;NEUTRE;0;-44.4;-1;0
2026.03.06 20:00;1.16010;1.16180;1.15953;1.16161;25.76;18.00;20.62;70.47;53.18;0.084;NEUTRE;0;25.3;1;0
2026.03.06 16:00;1.15791;1.16211;1.15785;1.16009;28.68;20.76;23.79;43.39;48.46;-0.047;NEUTRE;0;-18.3;0;1
2026.03.06 12:00;1.15621;1.15925;1.15457;1.15793;32.05;13.63;27.45;45.67;57.13;-0.233;SOFT_DOWN;-1;-65.4;-3;1
2026.03.06 08:00;1.16143;1.16143;1.15607;1.15621;31.81;15.73;26.74;56.31;57.68;-0.382;SOFT_DOWN;-1;-79.5;-3;1
2026.03.06 04:00;1.16198;1.16208;1.16014;1.16143;32.71;18.15;19.17;69.41;48.90;0.068;NEUTRE;0;62.4;2;0
2026.03.06 00:00;1.16064;1.16204;1.16050;1.16198;37.32;20.94;19.27;47.31;34.03;0.115;NEUTRE;0;;;0
2026.03.05 20:00;1.15726;1.16102;1.15699;1.16064;42.42;13.97;22.23;29.98;27.98;-0.242;SOFT_DOWN;-1;-53.7;-2;0
2026.03.05 16:00;1.15827;1.15916;1.15586;1.15726;45.44;9.02;25.65;24.80;29.75;-0.532;STRONG_DOWN;-2;-75.1;-3;1
2026.03.05 12:00;1.16110;1.16245;1.15687;1.15827;45.05;10.41;24.89;29.17;36.22;-0.445;STRONG_DOWN;-2;-76.5;-3;1
2026.03.05 08:00;1.16045;1.16443;1.15812;1.16110;45.67;12.01;25.27;35.27;47.74;-0.202;SOFT_DOWN;-1;-70.6;-3;1
2026.03.05 04:00;1.16126;1.16158;1.15873;1.16045;47.22;6.91;29.16;44.22;62.10;-0.258;SOFT_DOWN;-1;-82.2;-3;0
2026.03.05 00:00;1.16345;1.16472;1.16096;1.16129;44.99;7.97;21.61;63.74;74.06;-0.186;NEUTRE;0;;;0
2026.03.04 20:00;1.16394;1.16434;1.16253;1.16345;44.82;9.19;18.51;78.35;80.28;0.206;SOFT_UP;1;49.3;2;0
2026.03.04 16:00;1.16398;1.16457;1.16231;1.16394;46.54;10.61;21.35;80.08;79.75;0.248;SOFT_UP;1;60.2;2;1
2026.03.04 12:00;1.16349;1.16519;1.16163;1.16398;48.53;12.24;24.64;82.40;74.64;0.251;SOFT_UP;1;67;3;1
2026.03.04 08:00;1.16155;1.16543;1.15918;1.16349;50.82;14.12;28.43;76.77;64.79;0.209;SOFT_UP;1;71.2;3;1
2026.03.04 04:00;1.16082;1.16279;1.15867;1.16155;53.46;9.80;32.81;64.76;52.28;0.042;NEUTRE;0;49.8;2;0
2026.03.04 00:00;1.16106;1.16108;1.15745;1.16082;53.38;4.92;37.85;52.85;40.20;-0.021;NEUTRE;0;;;0
2026.03.03 20:00;1.16121;1.16243;1.16085;1.16105;49.75;5.68;29.27;39.23;27.41;-0.717;EXPLOSIVE_DOWN;-3;-76.1;-3;0
2026.03.03 16:00;1.15724;1.16256;1.15689;1.16122;47.02;6.55;33.77;28.52;18.23;-0.702;STRONG_DOWN;-2;-78.6;-3;1
2026.03.03 12:00;1.15971;1.16151;1.15300;1.15724;43.87;4.71;38.96;14.47;13.68;-1.042;EXPLOSIVE_DOWN;-3;-84.2;-3;1
2026.03.03 08:00;1.16432;1.16459;1.15817;1.15971;38.55;5.43;35.61;11.70;17.33;-0.831;EXPLOSIVE_DOWN;-3;-85.1;-3;1
2026.03.03 04:00;1.16900;1.16933;1.16423;1.16432;33.17;6.27;26.57;14.86;19.24;-0.437;STRONG_DOWN;-2;-85.4;-3;0
2026.03.03 00:00;1.16943;1.17066;1.16856;1.16900;28.76;7.23;17.59;25.42;21.07;-0.037;NEUTRE;0;;;0
2026.03.02 20:00;1.17108;1.17129;1.16781;1.16943;26.76;8.35;20.30;17.45;16.98;-0.548;STRONG_DOWN;-2;-72.1;-3;0
2026.03.02 16:00;1.16798;1.17131;1.16714;1.17108;24.46;9.63;23.42;20.33;19.51;-0.407;SOFT_DOWN;-1;-70.8;-3;1
2026.03.02 12:00;1.17329;1.17336;1.16795;1.16798;21.81;11.11;24.04;13.15;18.74;-0.671;STRONG_DOWN;-2;-81;-3;1
2026.03.02 08:00;1.17160;1.17469;1.16978;1.17329;19.51;12.82;22.53;25.04;25.45;-0.219;SOFT_DOWN;-1;-72;-3;1
2026.03.02 04:00;1.17884;1.17900;1.17031;1.17160;18.28;14.80;24.34;18.03;30.16;-0.363;SOFT_DOWN;-1;-84.4;-3;0
2026.03.02 00:00;1.17587;1.17955;1.17558;1.17884;17.34;17.07;18.75;33.28;46.74;0.253;SOFT_UP;1;;;0
2026.03.01 20:00;1.17659;1.17874;1.17566;1.17587;19.29;16.56;21.64;39.18;56.67;-0.061;NEUTRE;0;-19;0;0
2026.02.27 20:00;1.18188;1.18256;1.18109;1.18143;20.21;19.11;10.49;67.76;66.27;0.097;NEUTRE;0;28.7;1;0
2026.02.27 16:00;1.18067;1.18265;1.18053;1.18188;18.84;22.05;12.10;63.06;67.51;0.135;NEUTRE;0;43.6;1;1
2026.02.27 12:00;1.17999;1.18167;1.17901;1.18067;17.26;18.33;13.96;67.99;70.85;0.032;NEUTRE;0;16.7;0;1
2026.02.27 08:00;1.18148;1.18213;1.17925;1.17999;17.83;21.15;14.72;71.47;66.78;-0.025;NEUTRE;0;-19.4;0;1
2026.02.27 04:00;1.18033;1.18191;1.17968;1.18148;17.82;24.40;14.69;73.09;58.38;0.101;NEUTRE;0;70.6;3;0
2026.02.27 00:00;1.18029;1.18055;1.17886;1.18033;16.75;18.77;16.95;55.80;45.55;0.003;NEUTRE;0;;;0
2026.02.26 20:00;1.17964;1.18033;1.17893;1.18029;18.54;19.66;19.56;46.25;43.18;-0.100;NEUTRE;0;-29.4;-1;0
2026.02.26 16:00;1.17987;1.17991;1.17736;1.17964;21.36;18.06;22.57;34.61;49.14;-0.155;NEUTRE;0;-47.5;-2;1
2026.02.26 12:00;1.18000;1.18164;1.17806;1.17987;22.93;20.84;21.82;48.68;65.39;-0.135;NEUTRE;0;-51.7;-2;1
2026.02.26 08:00;1.18156;1.18156;1.17929;1.18000;26.11;24.05;19.89;64.13;77.48;-0.124;NEUTRE;0;-60.2;-2;1
2026.02.26 04:00;1.18167;1.18224;1.18084;1.18154;28.67;27.75;12.45;83.38;84.94;0.006;NEUTRE;0;9.6;0;0
2026.02.26 00:00;1.18147;1.18286;1.18116;1.18167;27.23;32.02;10.85;84.95;76.62;0.017;NEUTRE;0;;;0
2026.02.25 20:00;1.18052;1.18160;1.18031;1.18146;23.81;25.54;12.51;86.49;67.00;0.348;SOFT_UP;1;63;2;0
2026.02.25 16:00;1.18008;1.18140;1.17983;1.18052;22.21;27.09;14.44;58.43;56.27;0.268;SOFT_UP;1;62.1;2;1
2026.02.25 12:00;1.17745;1.18022;1.17726;1.18008;20.94;19.69;16.66;56.08;58.16;0.231;SOFT_UP;1;65.2;3;1
2026.02.25 08:00;1.17967;1.17996;1.17706;1.17744;22.88;21.37;19.22;54.29;56.63;0.007;NEUTRE;0;5.6;0;1
2026.02.25 04:00;1.17891;1.18076;1.17872;1.17967;25.59;24.66;13.37;64.09;48.93;0.196;SOFT_UP;1;79.7;3;0
2026.02.25 00:00;1.17736;1.17940;1.17730;1.17891;24.96;18.19;15.43;51.52;38.09;0.132;NEUTRE;0;;;0
2026.02.24 20:00;1.17785;1.17832;1.17722;1.17736;27.54;13.08;17.81;31.16;29.89;-0.163;NEUTRE;0;-42.6;-1;0
2026.02.24 16:00;1.17723;1.17900;1.17716;1.17785;29.42;15.09;20.55;31.59;26.20;-0.121;NEUTRE;0;-40.4;-1;1
2026.02.24 12:00;1.17803;1.17833;1.17657;1.17723;31.59;11.81;23.71;26.90;22.88;-0.174;NEUTRE;0;-58.5;-2;1
2026.02.24 08:00;1.17789;1.17927;1.17730;1.17803;31.30;13.63;20.97;20.12;21.53;-0.106;NEUTRE;0;-56.2;-2;1
2026.02.24 04:00;1.17748;1.17821;1.17677;1.17789;32.85;7.45;24.20;21.63;25.26;-0.118;NEUTRE;0;-73.3;-3;0
2026.02.24 00:00;1.17928;1.17960;1.17712;1.17748;29.77;8.60;24.18;22.83;26.68;-0.153;NEUTRE;0;;;0
2026.02.23 20:00;1.17913;1.17950;1.17834;1.17928;27.03;9.92;20.34;31.31;34.53;-0.339;SOFT_DOWN;-1;-62.4;-2;0
2026.02.23 16:00;1.17945;1.18084;1.17878;1.17913;25.90;11.45;17.63;25.89;45.85;-0.352;SOFT_DOWN;-1;-68;-3;1
2026.02.23 12:00;1.17855;1.18097;1.17741;1.17945;26.61;13.21;20.34;46.38;67.20;-0.325;SOFT_DOWN;-1;-71.9;-3;1
2026.02.23 08:00;1.18231;1.18247;1.17806;1.17855;27.43;15.24;20.66;65.27;79.48;-0.401;SOFT_DOWN;-1;-80;-3;1
2026.02.23 04:00;1.18231;1.18335;1.18148;1.18231;29.33;17.58;11.91;89.95;82.71;-0.083;NEUTRE;0;-66.8;-3;0
2026.02.23 00:00;1.18329;1.18342;1.18162;1.18231;30.88;20.29;12.59;83.22;73.42;-0.083;NEUTRE;0;;;0
2026.02.22 20:00;1.17909;1.18344;1.17886;1.18329;32.03;23.41;14.53;74.97;67.32;0.356;SOFT_UP;1;63.5;2;0
2026.02.20 20:00;1.17803;1.17912;1.17771;1.17805;33.35;14.68;16.76;62.08;61.15;0.105;NEUTRE;0;30.6;1;0
2026.02.20 16:00;1.17878;1.17986;1.17653;1.17803;37.46;16.94;19.34;64.90;51.97;0.104;NEUTRE;0;36.2;1;1
2026.02.20 12:00;1.17669;1.18071;1.17549;1.17877;42.21;19.55;22.31;56.47;40.28;0.167;NEUTRE;0;57.5;2;1
2026.02.20 08:00;1.17509;1.17687;1.17431;1.17669;47.69;11.24;25.75;34.53;32.18;-0.010;NEUTRE;0;-8;0;1
2026.02.20 04:00;1.17566;1.17623;1.17494;1.17509;48.99;9.12;29.71;29.83;32.42;-0.146;NEUTRE;0;-76.3;-3;0
2026.02.20 00:00;1.17681;1.17719;1.17532;1.17566;48.36;10.52;29.75;32.17;31.15;-0.098;NEUTRE;0;;;0
2026.02.19 20:00;1.17635;1.17778;1.17630;1.17681;48.46;12.14;26.26;35.26;28.42;-0.171;NEUTRE;0;-43.9;-1;0
2026.02.19 16:00;1.17627;1.17740;1.17558;1.17635;50.26;10.06;30.30;26.02;22.35;-0.210;SOFT_DOWN;-1;-55.9;-2;1
2026.02.19 12:00;1.17804;1.17805;1.17416;1.17627;50.27;11.61;34.96;23.98;19.25;-0.216;SOFT_DOWN;-1;-63.8;-2;1
2026.02.19 08:00;1.18005;1.18073;1.17763;1.17804;50.29;13.39;26.62;17.03;14.34;-0.066;NEUTRE;0;-42.9;-1;1
2026.02.19 04:00;1.17904;1.18033;1.17845;1.18002;52.94;15.45;26.64;16.74;12.48;0.102;NEUTRE;0;70.8;3;0
2026.02.19 00:00;1.17882;1.17953;1.17850;1.17904;57.00;11.28;30.74;9.26;14.79;0.019;NEUTRE;0;;;0
2026.02.18 20:00;1.17870;1.17901;1.17818;1.17882;58.64;5.25;35.47;11.43;26.54;-0.525;STRONG_DOWN;-2;-71.3;-3;0
2026.02.18 16:00;1.18223;1.18259;1.17833;1.17871;56.25;6.06;38.14;23.66;42.49;-0.534;STRONG_DOWN;-2;-75.1;-3;1
2026.02.18 12:00;1.18343;1.18483;1.18118;1.18224;53.73;6.99;33.72;44.51;58.26;-0.236;SOFT_DOWN;-1;-65.7;-3;1
2026.02.18 08:00;1.18345;1.18405;1.18281;1.18343;51.90;8.06;32.04;59.30;70.65;-0.136;NEUTRE;0;-62.4;-2;1
2026.02.18 04:00;1.18409;1.18461;1.18326;1.18345;50.69;9.30;31.38;70.98;71.80;-0.134;NEUTRE;0;-75.2;-3;0
2026.02.18 00:00;1.18504;1.18533;1.18406;1.18409;50.14;10.74;27.10;81.67;62.34;-0.080;NEUTRE;0;;;0
2026.02.17 20:00;1.18477;1.18572;1.18466;1.18504;51.20;12.39;24.00;62.76;39.79;0.003;NEUTRE;0;1;0;0
2026.02.17 16:00;1.18104;1.18527;1.18103;1.18477;54.17;7.76;27.69;42.58;23.62;-0.020;NEUTRE;0;-8;0;1
2026.02.17 12:00;1.18305;1.18355;1.18046;1.18104;53.85;2.72;31.95;14.04;13.69;-0.335;SOFT_DOWN;-1;-72.4;-3;1
2026.02.17 08:00;1.18323;1.18495;1.18238;1.18306;49.16;3.13;27.30;14.24;15.49;-0.165;NEUTRE;0;-66.7;-3;1
2026.02.17 04:00;1.18413;1.18453;1.18285;1.18324;44.51;3.62;28.69;12.77;18.75;-0.149;NEUTRE;0;-76.6;-3;0
2026.02.17 00:00;1.18501;1.18518;1.18378;1.18413;39.42;4.17;24.59;19.46;23.00;-0.074;NEUTRE;0;;;0
2026.02.16 20:00;1.18538;1.18548;1.18463;1.18501;34.56;4.81;19.03;24.02;26.72;-0.138;NEUTRE;0;-37.9;-1;0
2026.02.16 16:00;1.18536;1.18563;1.18458;1.18538;30.71;5.56;21.96;25.53;32.73;-0.107;NEUTRE;0;-37;-1;1
2026.02.16 12:00;1.18609;1.18633;1.18488;1.18536;26.26;6.41;20.94;30.63;40.61;-0.109;NEUTRE;0;-45.7;-2;1
2026.02.16 08:00;1.18624;1.18702;1.18568;1.18609;22.13;7.40;15.67;42.02;48.62;-0.047;NEUTRE;0;-33.5;-1;1
2026.02.16 04:00;1.18669;1.18699;1.18601;1.18624;20.01;8.53;14.29;49.17;52.70;-0.035;NEUTRE;0;-44.6;-1;0
2026.02.16 00:00;1.18665;1.18687;1.18587;1.18669;19.21;7.96;16.49;54.68;48.94;0.003;NEUTRE;0;;;0
2026.02.15 20:00;1.18651;1.18712;1.18628;1.18665;16.80;9.19;12.72;54.25;39.78;0.012;NEUTRE;0;3.9;0;0
2026.02.13 20:00;1.18662;1.18762;1.18641;1.18688;16.91;10.60;12.30;37.88;28.23;0.000;NEUTRE;0;0;0;0
2026.02.13 16:00;1.18479;1.18825;1.18479;1.18662;18.37;12.23;14.19;27.21;24.99;-0.022;NEUTRE;0;-8.8;0;1
2026.02.13 12:00;1.18584;1.18842;1.18473;1.18479;20.05;14.12;16.37;19.59;27.28;-0.176;NEUTRE;0;-58.8;-2;1
2026.02.13 08:00;1.18582;1.18663;1.18525;1.18583;22.00;8.82;18.89;28.16;34.59;-0.088;NEUTRE;0;-51.1;-2;1
2026.02.13 04:00;1.18665;1.18674;1.18468;1.18583;19.79;10.18;21.80;34.09;45.55;-0.088;NEUTRE;0;-68;-3;0
2026.02.13 00:00;1.18688;1.18731;1.18625;1.18665;17.25;11.75;13.43;41.51;58.33;-0.019;NEUTRE;0;;;0
2026.02.12 20:00;1.18698;1.18724;1.18632;1.18688;18.88;13.55;15.49;61.04;67.37;-0.047;NEUTRE;0;-14.8;0;0
2026.02.12 16:00;1.18854;1.18896;1.18559;1.18698;20.76;15.64;17.88;72.43;64.13;-0.039;NEUTRE;0;-15.4;0;1
2026.02.12 12:00;1.18841;1.18882;1.18666;1.18854;22.92;18.05;15.74;68.62;54.88;0.093;NEUTRE;0;41.1;1;1
2026.02.12 08:00;1.18726;1.18876;1.18709;1.18841;25.40;20.82;15.10;51.35;46.75;0.082;NEUTRE;0;49.1;2;1
2026.02.12 04:00;1.18694;1.18749;1.18520;1.18726;26.86;12.33;17.43;44.68;43.15;-0.015;NEUTRE;0;-22.9;0;0
2026.02.12 00:00;1.18744;1.18844;1.18649;1.18694;28.35;14.22;11.44;44.22;42.01;-0.042;NEUTRE;0;;;0
2026.02.11 20:00;1.18794;1.18807;1.18685;1.18744;31.05;13.49;13.20;40.54;42.21;-0.110;NEUTRE;0;-31.8;-1;0
2026.02.11 16:00;1.18590;1.18932;1.18529;1.18794;35.66;15.57;15.23;41.26;49.55;-0.068;NEUTRE;0;-25.6;-1;1
2026.02.11 12:00;1.19078;1.19089;1.18327;1.18590;40.97;17.96;17.57;44.81;51.05;-0.240;SOFT_DOWN;-1;-66.1;-3;1
2026.02.11 08:00;1.19176;1.19270;1.19047;1.19078;47.11;20.73;5.74;62.57;47.17;0.171;NEUTRE;0;67.5;3;1
2026.02.11 04:00;1.19113;1.19254;1.19064;1.19176;45.64;23.92;5.45;45.76;37.67;0.253;SOFT_UP;1;82;3;0
2026.02.11 00:00;1.18875;1.19134;1.18861;1.19113;42.99;17.88;6.29;33.17;37.94;0.200;SOFT_UP;1;;;0
2026.02.10 20:00;1.19019;1.19031;1.18864;1.18875;42.23;14.82;7.26;34.06;46.80;-0.134;NEUTRE;0;-37.1;-1;0
2026.02.10 16:00;1.19136;1.19145;1.18864;1.19019;43.45;17.10;8.37;46.59;58.14;-0.013;NEUTRE;0;-5.2;0;1
2026.02.10 12:00;1.19034;1.19283;1.18879;1.19136;44.87;19.74;8.84;59.75;68.16;0.086;NEUTRE;0;38.9;1;1
2026.02.10 08:00;1.19084;1.19195;1.18992;1.19034;45.90;22.77;5.90;68.09;76.50;0.000;NEUTRE;0;0;0;1
2026.02.10 04:00;1.19112;1.19129;1.18991;1.19084;43.91;21.27;6.80;76.63;82.75;0.042;NEUTRE;0;49.8;2;0
2026.02.10 00:00;1.19034;1.19167;1.18963;1.19112;42.74;24.55;7.85;84.78;87.80;0.066;NEUTRE;0;;;0
2026.02.09 20:00;1.19199;1.19209;1.19013;1.19034;41.38;28.32;5.29;86.86;89.77;0.651;STRONG_UP;2;74.7;3;0
2026.02.09 16:00;1.19118;1.19219;1.18926;1.19199;37.21;32.68;6.10;91.76;89.62;0.791;EXPLOSIVE_UP;3;79.8;3;1
2026.02.09 12:00;1.18689;1.19264;1.18689;1.19118;32.39;37.71;7.04;90.69;87.60;0.722;EXPLOSIVE_UP;3;81.6;3;1
2026.02.09 08:00;1.18556;1.18717;1.18512;1.18689;26.83;28.87;8.12;86.40;83.60;0.359;SOFT_UP;1;78.8;3;1
2026.02.09 04:00;1.18186;1.18596;1.18186;1.18556;22.33;24.24;9.37;85.70;83.57;0.247;SOFT_UP;1;81.8;3;0
2026.02.09 00:00;1.18264;1.18333;1.18158;1.18186;18.96;18.10;10.82;78.69;83.05;-0.066;NEUTRE;0;;;0
2026.02.08 20:00;1.18114;1.18274;1.18093;1.18264;18.00;15.69;12.48;86.31;84.27;0.127;NEUTRE;0;35.6;1;0
2026.02.06 20:00;1.18189;1.18237;1.18131;1.18143;19.02;18.11;11.17;84.16;77.75;0.324;SOFT_UP;1;61.3;2;0
2026.02.06 16:00;1.18189;1.18225;1.18097;1.18189;18.30;19.15;12.89;82.33;65.61;0.363;SOFT_UP;1;68.6;3;1
2026.02.06 12:00;1.17898;1.18259;1.17879;1.18189;18.10;22.10;14.87;66.75;48.47;0.363;SOFT_UP;1;73.6;3;1
2026.02.06 08:00;1.17911;1.17995;1.17853;1.17898;17.88;14.81;17.16;47.75;34.85;0.115;NEUTRE;0;58.3;2;1
2026.02.06 04:00;1.17873;1.18014;1.17869;1.17911;19.50;17.09;18.07;30.92;25.71;0.127;NEUTRE;0;74.4;3;0
2026.02.06 00:00;1.17762;1.17914;1.17654;1.17873;22.08;9.11;20.85;25.88;26.23;0.094;NEUTRE;0;;;0
2026.02.05 20:00;1.17939;1.17944;1.17746;1.17762;19.44;10.51;18.61;20.32;28.80;-0.213;SOFT_DOWN;-1;-50.2;-2;0
2026.02.05 16:00;1.17909;1.18040;1.17848;1.17939;18.15;12.12;13.55;32.48;30.98;-0.063;NEUTRE;0;-23.9;0;1
2026.02.05 12:00;1.17934;1.18215;1.17816;1.17909;20.09;13.99;15.63;33.58;27.81;-0.088;NEUTRE;0;-39.6;-1;1
2026.02.05 08:00;1.17984;1.18085;1.17800;1.17934;22.33;11.13;18.03;26.86;24.68;-0.067;NEUTRE;0;-43.3;-1;1
2026.02.05 04:00;1.17889;1.18032;1.17840;1.17986;22.12;9.98;20.81;23.00;23.57;-0.023;NEUTRE;0;-32.9;-1;0
2026.02.05 00:00;1.18013;1.18080;1.17824;1.17889;20.11;11.51;24.01;24.19;23.17;-0.105;NEUTRE;0;;;0
2026.02.04 20:00;1.18088;1.18093;1.18002;1.18013;17.79;13.29;17.01;23.52;30.17;-0.118;NEUTRE;0;-33.6;-1;0
2026.02.04 16:00;1.17960;1.18146;1.17901;1.18088;18.64;15.33;19.62;21.80;47.01;-0.054;NEUTRE;0;-20.8;0;1
2026.02.04 12:00;1.18100;1.18269;1.17930;1.17960;19.62;17.69;20.82;45.20;68.32;-0.163;NEUTRE;0;-56.8;-2;1
2026.02.04 08:00;1.18317;1.18377;1.18043;1.18100;21.39;20.41;18.90;74.05;79.10;-0.044;NEUTRE;0;-31.8;-1;1
2026.02.04 04:00;1.18267;1.18359;1.18238;1.18317;24.08;23.55;12.82;85.72;78.31;0.140;NEUTRE;0;75.8;3;0
2026.02.04 00:00;1.18152;1.18315;1.18085;1.18267;23.25;21.58;14.80;77.54;67.97;0.097;NEUTRE;0;;;0
2026.02.03 20:00;1.18134;1.18250;1.18091;1.18152;23.96;20.55;17.07;71.66;56.99;0.141;NEUTRE;0;38.5;1;0
2026.02.03 16:00;1.18126;1.18286;1.18055;1.18132;26.23;23.71;19.70;54.72;44.87;0.124;NEUTRE;0;41.1;1;1
2026.02.03 12:00;1.17868;1.18132;1.17797;1.18126;28.84;17.10;22.73;44.60;37.79;0.119;NEUTRE;0;48.2;2;1
2026.02.03 08:00;1.18149;1.18191;1.17823;1.17868;31.10;19.73;25.03;35.29;30.87;-0.100;NEUTRE;0;-54.6;-2;1
2026.02.03 04:00;1.18091;1.18241;1.18046;1.18149;34.07;22.77;19.56;33.48;23.61;0.138;NEUTRE;0;75.6;3;0
2026.02.03 00:00;1.17986;1.18145;1.17978;1.18091;38.14;18.70;22.57;23.83;18.52;0.089;NEUTRE;0;;;0
2026.02.02 20:00;1.17884;1.17987;1.17799;1.17986;42.57;7.02;26.04;13.51;18.26;-0.401;SOFT_DOWN;-1;-66.1;-3;0
2026.02.02 16:00;1.17920;1.18121;1.17756;1.17884;40.26;8.10;30.05;18.23;23.91;-0.487;STRONG_DOWN;-2;-73.7;-3;1
2026.02.02 12:00;1.18643;1.18697;1.17900;1.17920;37.60;9.35;28.60;23.04;23.03;-0.457;STRONG_DOWN;-2;-76.9;-3;1
2026.02.02 08:00;1.18532;1.18710;1.18433;1.18643;35.58;10.78;22.71;30.47;18.64;0.154;NEUTRE;0;65.2;3;1
2026.02.02 04:00;1.18638;1.18722;1.18406;1.18532;35.58;12.44;26.21;15.59;10.79;0.060;NEUTRE;0;59.4;2;0
2026.02.02 00:00;1.18461;1.18744;1.18461;1.18638;35.57;14.36;27.56;9.86;8.66;0.149;NEUTRE;0;;;0
2026.02.01 20:00;1.18459;1.18566;1.18393;1.18458;36.19;6.99;31.80;6.92;14.72;-0.001;NEUTRE;0;-0.3;0;0
2026.01.30 20:00;1.18690;1.18690;1.18496;1.18516;31.92;8.06;27.54;9.22;26.95;-0.965;EXPLOSIVE_DOWN;-3;-79.6;-3;0
2026.01.30 16:00;1.18948;1.18973;1.18542;1.18691;28.42;9.31;28.14;28.04;40.17;-0.819;EXPLOSIVE_DOWN;-3;-80.2;-3;1
2026.01.30 12:00;1.19488;1.19543;1.18827;1.18948;25.05;10.74;22.30;43.60;47.37;-0.604;STRONG_DOWN;-2;-80;-3;1
2026.01.30 08:00;1.19391;1.19502;1.18979;1.19488;23.52;12.39;22.47;48.88;49.03;-0.153;NEUTRE;0;-65.1;-3;1
2026.01.30 04:00;1.19196;1.19421;1.19136;1.19376;22.69;14.29;21.30;49.64;48.77;-0.247;SOFT_DOWN;-1;-81.8;-3;0
2026.01.30 00:00;1.19671;1.19727;1.18946;1.19196;23.15;16.49;24.58;48.56;46.48;-0.397;SOFT_DOWN;-1;;;0
2026.01.29 20:00;1.19511;1.19742;1.19455;1.19671;23.68;19.03;18.34;48.10;47.79;-0.112;NEUTRE;0;-32.3;-1;0
2026.01.29 16:00;1.19292;1.19645;1.19268;1.19511;27.04;16.76;21.16;42.77;55.44;-0.245;SOFT_DOWN;-1;-59.9;-2;1
2026.01.29 12:00;1.19468;1.19722;1.19057;1.19292;29.42;19.34;24.41;52.52;66.14;-0.428;STRONG_DOWN;-2;-76;-3;1
2026.01.29 08:00;1.19736;1.19854;1.19377;1.19467;32.16;22.31;20.76;71.05;68.58;-0.282;SOFT_DOWN;-1;-75.9;-3;1
2026.01.29 04:00;1.19862;1.19960;1.19670;1.19736;36.55;25.75;14.51;74.85;56.87;-0.058;NEUTRE;0;-58.5;-2;0
2026.01.29 00:00;1.19805;1.19866;1.19529;1.19862;37.88;24.72;16.74;59.84;38.53;0.048;NEUTRE;0;;;0
2026.01.28 20:00;1.19402;1.19807;1.19290;1.19806;40.75;25.83;19.32;35.92;28.04;-0.348;SOFT_DOWN;-1;-63;-2;0
2026.01.28 16:00;1.19433;1.19523;1.18953;1.19402;44.80;21.35;22.29;19.84;31.89;-0.684;STRONG_DOWN;-2;-78.3;-3;1
2026.01.28 12:00;1.19676;1.19831;1.19225;1.19430;51.36;24.64;18.37;28.36;46.58;-0.660;STRONG_DOWN;-2;-80.8;-3;1
2026.01.28 08:00;1.19910;1.20044;1.19615;1.19676;57.02;28.43;11.30;47.47;61.75;-0.456;STRONG_DOWN;-2;-81.2;-3;1
2026.01.28 04:00;1.19965;1.20255;1.19745;1.19910;59.16;32.80;8.38;63.90;72.92;-0.261;SOFT_DOWN;-1;-82.3;-3;0
2026.01.28 00:00;1.20224;1.20232;1.19868;1.19965;59.14;37.85;5.96;73.89;80.10;-0.215;SOFT_DOWN;-1;;;0
2026.01.27 20:00;1.19767;1.20817;1.19715;1.20224;57.04;43.67;6.87;80.97;78.62;1.254;EXPLOSIVE_UP;3;81.9;3;0
2026.01.27 16:00;1.19504;1.19898;1.19493;1.19767;54.61;37.56;7.93;85.45;71.30;0.869;EXPLOSIVE_UP;3;80.7;3;1
2026.01.27 12:00;1.18950;1.19721;1.18938;1.19505;52.99;36.61;9.15;69.45;60.14;0.649;STRONG_UP;2;80.7;3;1
2026.01.27 08:00;1.18633;1.18968;1.18499;1.18950;51.91;27.45;10.56;59.00;56.70;0.181;NEUTRE;0;68.6;3;1
2026.01.27 04:00;1.18794;1.18821;1.18607;1.18633;53.05;26.85;12.18;51.96;60.15;-0.086;NEUTRE;0;-67.6;-3;0
2026.01.27 00:00;1.18735;1.18991;1.18722;1.18794;55.43;30.98;5.79;59.13;65.37;0.050;NEUTRE;0;;;0
2026.01.26 20:00;1.18788;1.18860;1.18712;1.18735;53.42;28.26;6.68;69.36;67.63;0.114;NEUTRE;0;32.7;1;0
2026.01.26 16:00;1.18948;1.19067;1.18702;1.18788;52.13;32.60;7.70;67.63;66.65;0.159;NEUTRE;0;48.2;2;1
2026.01.26 12:00;1.18555;1.18965;1.18346;1.18950;50.65;33.32;8.89;65.90;68.43;0.295;SOFT_UP;1;70.1;3;1
2026.01.26 08:00;1.18385;1.18671;1.18379;1.18555;49.54;31.14;10.26;66.41;73.79;-0.038;NEUTRE;0;-28.2;-1;1
2026.01.26 04:00;1.18619;1.18695;1.18362;1.18386;49.40;35.93;11.83;72.96;80.62;-0.180;NEUTRE;0;-78.8;-3;0
2026.01.26 00:00;1.18600;1.18761;1.18441;1.18619;49.24;41.46;10.01;81.98;87.68;0.016;NEUTRE;0;;;0
2026.01.25 20:00;1.18602;1.18973;1.18496;1.18599;47.41;47.84;8.90;86.92;87.41;-0.003;NEUTRE;0;-1;0;0
2026.01.23 20:00;1.18112;1.18334;1.18097;1.18268;44.15;41.25;10.27;94.14;78.77;0.625;STRONG_UP;2;74.1;3;0
2026.01.23 16:00;1.17577;1.18145;1.17461;1.18112;41.69;35.33;11.85;81.18;68.52;0.492;STRONG_UP;2;73.9;3;1
2026.01.23 12:00;1.17370;1.17610;1.17315;1.17577;40.44;28.73;13.67;60.98;67.70;0.037;NEUTRE;0;19.2;0;1
2026.01.23 08:00;1.17356;1.17448;1.17279;1.17370;41.20;24.70;15.78;63.41;76.64;-0.140;NEUTRE;0;-63.1;-2;1
2026.01.23 04:00;1.17433;1.17536;1.17345;1.17356;44.15;28.51;12.20;78.71;86.93;-0.151;NEUTRE;0;-76.8;-3;0
2026.01.23 00:00;1.17534;1.17534;1.17432;1.17433;44.78;32.89;7.06;87.79;91.09;-0.086;NEUTRE;0;;;0
2026.01.22 20:00;1.17437;1.17590;1.17417;1.17534;41.72;37.95;8.15;94.30;83.62;0.692;STRONG_UP;2;75.6;3;0
2026.01.22 16:00;1.17335;1.17503;1.17267;1.17437;38.19;36.05;9.41;91.20;64.97;0.609;STRONG_UP;2;76.9;3;1
2026.01.22 12:00;1.17017;1.17337;1.16996;1.17335;35.05;30.78;10.85;65.37;41.10;0.522;STRONG_UP;2;78.5;3;1
2026.01.22 08:00;1.16901;1.17038;1.16837;1.17018;33.08;22.02;12.52;38.36;25.08;0.250;SOFT_UP;1;74.1;3;1
2026.01.22 04:00;1.16885;1.16968;1.16838;1.16901;33.94;20.05;14.45;19.58;15.80;0.150;NEUTRE;0;76.7;3;0
2026.01.22 00:00;1.16726;1.16932;1.16724;1.16885;36.66;18.88;16.67;17.29;15.66;0.136;NEUTRE;0;;;0
2026.01.21 20:00;1.16911;1.16916;1.16694;1.16726;41.34;20.60;19.24;10.52;14.87;-0.462;STRONG_DOWN;-2;-69;-3;0
2026.01.21 16:00;1.17017;1.17112;1.16767;1.16911;47.18;23.77;17.14;19.17;20.77;-0.304;SOFT_DOWN;-1;-65;-2;1
2026.01.21 12:00;1.17137;1.17426;1.17002;1.17017;51.94;27.43;9.29;14.91;28.79;-0.214;SOFT_DOWN;-1;-63.5;-2;1
2026.01.21 08:00;1.17166;1.17200;1.17009;1.17137;52.34;23.45;10.72;28.23;42.17;-0.112;NEUTRE;0;-57.6;-2;1
2026.01.21 04:00;1.17185;1.17251;1.17096;1.17166;54.66;27.05;5.37;43.23;53.94;-0.087;NEUTRE;0;-67.8;-3;0
2026.01.21 00:00;1.17268;1.17339;1.17102;1.17185;52.78;31.21;5.60;55.06;63.83;-0.071;NEUTRE;0;;;0
2026.01.20 20:00;1.17119;1.17285;1.17105;1.17268;50.19;32.51;6.46;63.53;73.34;0.754;EXPLOSIVE_UP;3;76.8;3;0
2026.01.20 16:00;1.17267;1.17423;1.17111;1.17119;47.62;37.51;6.94;72.90;83.82;0.626;STRONG_UP;2;77.2;3;1
2026.01.20 12:00;1.17346;1.17687;1.17149;1.17267;44.36;43.28;6.13;83.58;89.21;0.754;EXPLOSIVE_UP;3;82;3;1
2026.01.20 08:00;1.16883;1.17385;1.16868;1.17346;39.62;41.31;7.07;94.96;90.23;0.821;EXPLOSIVE_UP;3;85.1;3;1
2026.01.20 04:00;1.16562;1.16935;1.16557;1.16883;34.83;34.27;8.16;89.08;87.68;0.424;STRONG_UP;2;85.2;3;0
2026.01.20 00:00;1.16390;1.16583;1.16323;1.16562;30.72;25.22;9.42;86.63;86.95;0.148;NEUTRE;0;;;0
2026.01.19 20:00;1.16428;1.16469;1.16380;1.16390;28.43;22.35;10.86;87.34;85.82;0.127;NEUTRE;0;35.6;1;0
2026.01.19 16:00;1.16396;1.16485;1.16374;1.16428;27.48;25.79;12.54;86.88;82.55;0.160;NEUTRE;0;48.4;2;1
2026.01.19 12:00;1.16275;1.16431;1.16248;1.16396;26.39;22.27;14.47;83.25;80.90;0.132;NEUTRE;0;51.1;2;1
2026.01.19 08:00;1.16258;1.16294;1.16108;1.16275;27.18;14.18;16.69;77.53;76.71;0.028;NEUTRE;0;21.5;0;1
2026.01.19 04:00;1.16242;1.16411;1.16227;1.16258;30.11;16.36;9.42;81.92;68.83;0.014;NEUTRE;0;21.5;0;0
2026.01.19 00:00;1.16242;1.16375;1.16043;1.16242;30.60;15.87;10.86;70.68;50.64;0.000;NEUTRE;0;;;0
2026.01.18 20:00;1.15789;1.16268;1.15773;1.16242;32.43;13.36;12.54;53.87;39.69;0.391;SOFT_UP;1;65.6;3;0
2026.01.16 20:00;1.15960;1.16019;1.15950;1.15983;36.93;7.67;14.46;27.35;36.59;-0.090;NEUTRE;0;-26.9;-1;0
2026.01.16 16:00;1.15932;1.16056;1.15890;1.15960;37.89;8.85;16.69;37.84;44.61;-0.109;NEUTRE;0;-37.5;-1;1
2026.01.16 12:00;1.16189;1.16270;1.15841;1.15932;39.00;10.21;19.26;44.59;45.07;-0.134;NEUTRE;0;-51.5;-2;1
2026.01.16 08:00;1.16117;1.16231;1.16078;1.16189;40.27;11.78;13.72;51.39;42.70;0.088;NEUTRE;0;51.1;2;1
2026.01.16 04:00;1.16119;1.16144;1.16040;1.16117;45.30;4.85;15.83;39.23;35.38;0.026;NEUTRE;0;36.2;1;0
2026.01.16 00:00;1.16087;1.16139;1.16019;1.16119;44.10;4.86;18.27;37.47;30.37;0.028;NEUTRE;0;;;0
2026.01.15 20:00;1.16134;1.16152;1.16017;1.16087;41.97;5.60;21.08;29.45;22.29;-0.308;SOFT_DOWN;-1;-60;-2;0
2026.01.15 16:00;1.16019;1.16171;1.15979;1.16133;39.50;6.47;24.32;24.17;16.82;-0.269;SOFT_DOWN;-1;-62.2;-2;1
2026.01.15 12:00;1.16305;1.16346;1.15928;1.16019;36.65;7.46;28.06;13.24;15.33;-0.367;SOFT_DOWN;-1;-73.8;-3;1
2026.01.15 08:00;1.16284;1.16406;1.16266;1.16305;33.37;8.61;19.94;13.05;17.51;-0.121;NEUTRE;0;-59.6;-2;1
2026.01.15 04:00;1.16384;1.16390;1.16257;1.16284;32.40;8.17;23.00;19.71;27.94;-0.139;NEUTRE;0;-75.7;-3;0
2026.01.15 00:00;1.16446;1.16453;1.16329;1.16384;30.06;9.43;18.21;19.75;38.10;-0.053;NEUTRE;0;;;0
2026.01.14 20:00;1.16361;1.16470;1.16361;1.16446;29.80;10.88;17.05;44.36;49.15;0.025;NEUTRE;0;8;0;0
2026.01.14 16:00;1.16595;1.16613;1.16350;1.16359;30.99;12.56;19.67;50.20;45.69;-0.050;NEUTRE;0;-19.4;0;1
2026.01.14 12:00;1.16466;1.16603;1.16446;1.16595;32.36;14.49;17.08;52.89;37.30;0.153;NEUTRE;0;55.2;2;1
2026.01.14 08:00;1.16458;1.16575;1.16407;1.16466;36.08;13.97;19.71;33.97;28.77;0.042;NEUTRE;0;30.6;1;1
2026.01.14 04:00;1.16466;1.16516;1.16411;1.16458;39.01;10.72;22.74;25.06;25.91;0.035;NEUTRE;0;44.6;1;0
2026.01.14 00:00;1.16417;1.16485;1.16358;1.16466;39.48;7.83;26.24;27.28;29.39;0.042;NEUTRE;0;;;0