Actif;Creneau;EXTREME_DOWN %;STRONG_DOWN %;SOFT_DOWN %;NEUTRE %;SOFT_UP %;STRONG_UP %;EXTREME_UP %;n
AUDUSD;08:00-08:30;0,00;3,33;10,00;70,00;16,67;0,00;0,00;30
AUDUSD;08:30-09:00;0,00;3,33;10,00;66,67;20,00;0,00;0,00;30
AUDUSD;09:00-09:30;0,00;3,33;10,00;73,33;13,33;0,00;0,00;30
AUDUSD;09:30-10:00;0,00;0,00;20,00;63,33;16,67;0,00;0,00;30
AUDUSD;10:00-10:30;0,00;3,33;13,33;66,67;16,67;0,00;0,00;30
AUDUSD;10:30-11:00;0,00;3,33;13,33;70,00;13,33;0,00;0,00;30
AUDUSD;11:00-11:30;0,00;3,33;13,33;70,00;13,33;0,00;0,00;30
AUDUSD;11:30-12:00;0,00;3,33;10,00;70,00;16,67;0,00;0,00;30
AUDUSD;12:00-12:30;0,00;3,33;10,00;73,33;13,33;0,00;0,00;30
AUDUSD;12:30-13:00;0,00;3,33;13,33;66,67;13,33;3,33;0,00;30
AUDUSD;13:00-13:30;0,00;3,33;6,67;73,33;13,33;3,33;0,00;30
AUDUSD;13:30-14:00;0,00;3,33;6,67;73,33;6,67;10,00;0,00;30
AUDUSD;14:00-14:30;0,00;3,33;10,00;66,67;10,00;10,00;0,00;30
AUDUSD;14:30-15:00;0,00;6,67;6,67;60,00;13,33;10,00;3,33;30
AUDUSD;15:00-15:30;3,33;3,33;3,33;60,00;20,00;6,67;3,33;30
AUDUSD;15:30-16:00;3,33;3,33;6,67;56,67;20,00;10,00;0,00;30
AUDUSD;16:00-16:30;3,33;3,33;3,33;60,00;23,33;3,33;3,33;30
AUDUSD;16:30-17:00;3,33;3,33;3,33;66,67;16,67;3,33;3,33;30
AUDUSD;17:00-17:30;3,33;3,33;3,33;63,33;20,00;6,67;0,00;30
AUDUSD;17:30-18:00;3,33;3,33;10,00;56,67;16,67;6,67;3,33;30
AUDUSD;18:00-18:30;3,33;0,00;13,33;56,67;13,33;10,00;3,33;30
AUDUSD;18:30-19:00;3,33;0,00;13,33;56,67;16,67;6,67;3,33;30
AUDUSD;TOTAL;1,21;3,03;9,55;65,45;15,61;4,09;1,06;660
BRENT_OIL;08:00-08:30;0,00;20,00;10,00;53,33;0,00;16,67;0,00;30
BRENT_OIL;08:30-09:00;0,00;26,67;3,33;50,00;6,67;10,00;3,33;30
BRENT_OIL;09:00-09:30;3,33;20,00;10,00;46,67;6,67;10,00;3,33;30
BRENT_OIL;09:30-10:00;0,00;16,67;13,33;46,67;6,67;13,33;3,33;30
BRENT_OIL;10:00-10:30;0,00;16,67;13,33;53,33;0,00;13,33;3,33;30
BRENT_OIL;10:30-11:00;0,00;13,33;13,33;50,00;6,67;13,33;3,33;30
BRENT_OIL;11:00-11:30;0,00;16,67;10,00;46,67;10,00;16,67;0,00;30
BRENT_OIL;11:30-12:00;3,33;13,33;6,67;50,00;6,67;20,00;0,00;30
BRENT_OIL;12:00-12:30;0,00;16,67;3,33;50,00;13,33;10,00;6,67;30
BRENT_OIL;12:30-13:00;0,00;16,67;6,67;53,33;3,33;13,33;6,67;30
BRENT_OIL;13:00-13:30;6,67;10,00;13,33;40,00;6,67;16,67;6,67;30
BRENT_OIL;13:30-14:00;6,67;13,33;10,00;43,33;0,00;20,00;6,67;30
BRENT_OIL;14:00-14:30;6,67;13,33;10,00;36,67;10,00;13,33;10,00;30
BRENT_OIL;14:30-15:00;6,67;16,67;10,00;36,67;10,00;10,00;10,00;30
BRENT_OIL;15:00-15:30;13,33;13,33;10,00;33,33;10,00;10,00;10,00;30
BRENT_OIL;15:30-16:00;13,33;13,33;3,33;33,33;16,67;10,00;10,00;30
BRENT_OIL;16:00-16:30;13,33;13,33;6,67;26,67;13,33;16,67;10,00;30
BRENT_OIL;16:30-17:00;13,33;13,33;6,67;30,00;10,00;16,67;10,00;30
BRENT_OIL;17:00-17:30;16,67;10,00;6,67;30,00;6,67;23,33;6,67;30
BRENT_OIL;17:30-18:00;13,33;10,00;10,00;30,00;6,67;20,00;10,00;30
BRENT_OIL;18:00-18:30;14,29;10,71;10,71;28,57;3,57;21,43;10,71;28
BRENT_OIL;18:30-19:00;20,00;6,67;6,67;30,00;6,67;16,67;13,33;30
BRENT_OIL;TOTAL;6,84;14,59;8,81;40,88;7,29;15,05;6,53;658
BTCUSD;08:00-08:30;0,00;3,33;13,33;73,33;10,00;0,00;0,00;30
BTCUSD;08:30-09:00;0,00;3,33;13,33;73,33;10,00;0,00;0,00;30
BTCUSD;09:00-09:30;0,00;0,00;20,00;70,00;10,00;0,00;0,00;30
BTCUSD;09:30-10:00;0,00;3,33;16,67;66,67;13,33;0,00;0,00;30
BTCUSD;10:00-10:30;0,00;3,33;6,67;76,67;13,33;0,00;0,00;30
BTCUSD;10:30-11:00;0,00;3,33;13,33;70,00;13,33;0,00;0,00;30
BTCUSD;11:00-11:30;0,00;0,00;13,33;73,33;13,33;0,00;0,00;30
BTCUSD;11:30-12:00;0,00;0,00;16,67;66,67;16,67;0,00;0,00;30
BTCUSD;12:00-12:30;0,00;6,67;10,00;63,33;16,67;3,33;0,00;30
BTCUSD;12:30-13:00;0,00;10,00;13,33;56,67;10,00;10,00;0,00;30
BTCUSD;13:00-13:30;0,00;13,33;23,33;43,33;10,00;10,00;0,00;30
BTCUSD;13:30-14:00;3,33;6,67;23,33;43,33;16,67;6,67;0,00;30
BTCUSD;14:00-14:30;0,00;6,67;30,00;40,00;13,33;10,00;0,00;30
BTCUSD;14:30-15:00;0,00;13,33;16,67;53,33;6,67;10,00;0,00;30
BTCUSD;15:00-15:30;0,00;16,67;13,33;50,00;6,67;13,33;0,00;30
BTCUSD;15:30-16:00;0,00;13,33;16,67;46,67;13,33;10,00;0,00;30
BTCUSD;16:00-16:30;0,00;6,67;20,00;53,33;13,33;6,67;0,00;30
BTCUSD;16:30-17:00;3,33;6,67;16,67;50,00;16,67;6,67;0,00;30
BTCUSD;17:00-17:30;3,33;10,00;13,33;50,00;13,33;10,00;0,00;30
BTCUSD;17:30-18:00;3,33;10,00;13,33;43,33;20,00;10,00;0,00;30
BTCUSD;18:00-18:30;3,33;10,00;13,33;46,67;16,67;10,00;0,00;30
BTCUSD;18:30-19:00;3,33;13,33;10,00;53,33;10,00;10,00;0,00;30
BTCUSD;TOTAL;0,91;7,27;15,76;57,42;12,88;5,76;0,00;660
COCOA;08:00-08:30;0,00;0,00;0,00;0,00;0,00;0,00;0,00;0
COCOA;08:30-09:00;0,00;0,00;6,67;80,00;13,33;0,00;0,00;30
COCOA;09:00-09:30;0,00;0,00;10,71;71,43;14,29;3,57;0,00;28
COCOA;09:30-10:00;0,00;0,00;14,29;67,86;14,29;3,57;0,00;28
COCOA;10:00-10:30;0,00;7,14;7,14;71,43;7,14;7,14;0,00;28
COCOA;10:30-11:00;3,57;3,57;7,14;64,29;14,29;7,14;0,00;28
COCOA;11:00-11:30;0,00;7,14;14,29;57,14;14,29;3,57;3,57;28
COCOA;11:30-12:00;3,57;7,14;10,71;53,57;14,29;7,14;3,57;28
COCOA;12:00-12:30;7,14;7,14;7,14;50,00;10,71;17,86;0,00;28
COCOA;12:30-13:00;3,57;7,14;14,29;42,86;10,71;17,86;3,57;28
COCOA;13:00-13:30;10,34;0,00;13,79;44,83;10,34;13,79;6,90;29
COCOA;13:30-14:00;7,14;7,14;10,71;42,86;14,29;10,71;7,14;28
COCOA;14:00-14:30;3,57;3,57;17,86;39,29;14,29;10,71;10,71;28
COCOA;14:30-15:00;3,57;3,57;17,86;39,29;14,29;10,71;10,71;28
COCOA;15:00-15:30;3,57;0,00;25,00;39,29;10,71;7,14;14,29;28
COCOA;15:30-16:00;3,57;10,71;7,14;42,86;17,86;7,14;10,71;28
COCOA;16:00-16:30;3,57;10,71;7,14;42,86;17,86;7,14;10,71;28
COCOA;16:30-17:00;3,57;7,14;10,71;42,86;21,43;3,57;10,71;28
COCOA;17:00-17:30;7,14;3,57;10,71;39,29;21,43;10,71;7,14;28
COCOA;17:30-18:00;0,00;0,00;0,00;0,00;0,00;0,00;0,00;0
COCOA;18:00-18:30;0,00;0,00;0,00;0,00;0,00;0,00;0,00;0
COCOA;18:30-19:00;0,00;0,00;0,00;0,00;0,00;0,00;0,00;0
COCOA;TOTAL;3,55;4,73;11,83;51,87;14,20;8,28;5,52;507
CrudeOIL;08:00-08:30;0,00;20,00;10,00;53,33;10,00;6,67;0,00;30
CrudeOIL;08:30-09:00;0,00;20,00;10,00;53,33;6,67;10,00;0,00;30
CrudeOIL;09:00-09:30;0,00;20,00;20,00;46,67;0,00;10,00;3,33;30
CrudeOIL;09:30-10:00;0,00;16,67;6,67;56,67;10,00;6,67;3,33;30
CrudeOIL;10:00-10:30;0,00;13,33;6,67;63,33;3,33;13,33;0,00;30
CrudeOIL;10:30-11:00;0,00;13,33;10,00;56,67;6,67;13,33;0,00;30
CrudeOIL;11:00-11:30;0,00;13,33;6,67;56,67;13,33;10,00;0,00;30
CrudeOIL;11:30-12:00;3,33;10,00;13,33;50,00;13,33;10,00;0,00;30
CrudeOIL;12:00-12:30;3,33;13,33;6,67;50,00;16,67;10,00;0,00;30
CrudeOIL;12:30-13:00;3,33;13,33;10,00;46,67;13,33;13,33;0,00;30
CrudeOIL;13:00-13:30;3,33;10,00;13,33;43,33;13,33;16,67;0,00;30
CrudeOIL;13:30-14:00;6,67;13,33;6,67;43,33;13,33;13,33;3,33;30
CrudeOIL;14:00-14:30;3,33;16,67;13,33;36,67;6,67;16,67;6,67;30
CrudeOIL;14:30-15:00;6,67;16,67;10,00;40,00;6,67;10,00;10,00;30
CrudeOIL;15:00-15:30;10,00;16,67;10,00;36,67;6,67;13,33;6,67;30
CrudeOIL;15:30-16:00;10,00;16,67;13,33;26,67;13,33;10,00;10,00;30
CrudeOIL;16:00-16:30;10,00;16,67;6,67;33,33;10,00;20,00;3,33;30
CrudeOIL;16:30-17:00;10,00;16,67;13,33;26,67;6,67;23,33;3,33;30
CrudeOIL;17:00-17:30;3,33;26,67;10,00;26,67;6,67;23,33;3,33;30
CrudeOIL;17:30-18:00;3,57;25,00;14,29;21,43;7,14;21,43;7,14;28
CrudeOIL;18:00-18:30;3,57;21,43;14,29;25,00;7,14;21,43;7,14;28
CrudeOIL;18:30-19:00;3,33;23,33;10,00;33,33;3,33;16,67;10,00;30
CrudeOIL;TOTAL;3,81;16,92;10,67;42,23;8,84;14,02;3,51;656
ETHUSD;08:00-08:30;0,00;3,33;6,67;80,00;10,00;0,00;0,00;30
ETHUSD;08:30-09:00;0,00;3,33;3,33;83,33;10,00;0,00;0,00;30
ETHUSD;09:00-09:30;0,00;3,33;3,33;86,67;6,67;0,00;0,00;30
ETHUSD;09:30-10:00;0,00;3,33;3,33;80,00;13,33;0,00;0,00;30
ETHUSD;10:00-10:30;0,00;3,33;0,00;80,00;16,67;0,00;0,00;30
ETHUSD;10:30-11:00;0,00;3,33;0,00;83,33;13,33;0,00;0,00;30
ETHUSD;11:00-11:30;0,00;3,33;3,33;80,00;13,33;0,00;0,00;30
ETHUSD;11:30-12:00;0,00;3,33;3,33;80,00;13,33;0,00;0,00;30
ETHUSD;12:00-12:30;0,00;3,33;6,67;76,67;13,33;0,00;0,00;30
ETHUSD;12:30-13:00;0,00;6,67;16,67;56,67;16,67;3,33;0,00;30
ETHUSD;13:00-13:30;0,00;3,33;20,00;56,67;13,33;6,67;0,00;30
ETHUSD;13:30-14:00;0,00;6,67;16,67;60,00;6,67;10,00;0,00;30
ETHUSD;14:00-14:30;0,00;3,33;20,00;53,33;16,67;6,67;0,00;30
ETHUSD;14:30-15:00;0,00;3,33;20,00;53,33;16,67;6,67;0,00;30
ETHUSD;15:00-15:30;0,00;6,67;13,33;56,67;16,67;6,67;0,00;30
ETHUSD;15:30-16:00;0,00;3,33;20,00;56,67;13,33;6,67;0,00;30
ETHUSD;16:00-16:30;0,00;3,33;23,33;53,33;13,33;6,67;0,00;30
ETHUSD;16:30-17:00;0,00;10,00;16,67;53,33;13,33;6,67;0,00;30
ETHUSD;17:00-17:30;0,00;6,67;16,67;56,67;13,33;6,67;0,00;30
ETHUSD;17:30-18:00;0,00;6,67;20,00;43,33;23,33;6,67;0,00;30
ETHUSD;18:00-18:30;0,00;6,67;20,00;43,33;23,33;6,67;0,00;30
ETHUSD;18:30-19:00;0,00;6,67;20,00;53,33;13,33;6,67;0,00;30
ETHUSD;TOTAL;0,00;4,70;12,42;64,85;14,09;3,94;0,00;660
EURUSD;08:00-08:30;0,00;0,00;6,67;80,00;13,33;0,00;0,00;30
EURUSD;08:30-09:00;0,00;0,00;6,67;80,00;13,33;0,00;0,00;30
EURUSD;09:00-09:30;0,00;0,00;6,67;80,00;13,33;0,00;0,00;30
EURUSD;09:30-10:00;0,00;0,00;10,00;80,00;10,00;0,00;0,00;30
EURUSD;10:00-10:30;0,00;0,00;6,67;83,33;10,00;0,00;0,00;30
EURUSD;10:30-11:00;0,00;0,00;6,67;80,00;13,33;0,00;0,00;30
EURUSD;11:00-11:30;0,00;0,00;10,00;76,67;13,33;0,00;0,00;30
EURUSD;11:30-12:00;0,00;0,00;13,33;66,67;20,00;0,00;0,00;30
EURUSD;12:00-12:30;0,00;0,00;16,67;73,33;10,00;0,00;0,00;30
EURUSD;12:30-13:00;0,00;3,33;16,67;63,33;6,67;10,00;0,00;30
EURUSD;13:00-13:30;0,00;0,00;16,67;73,33;0,00;10,00;0,00;30
EURUSD;13:30-14:00;0,00;0,00;20,00;63,33;3,33;13,33;0,00;30
EURUSD;14:00-14:30;0,00;0,00;16,67;63,33;6,67;13,33;0,00;30
EURUSD;14:30-15:00;0,00;0,00;16,67;66,67;10,00;6,67;0,00;30
EURUSD;15:00-15:30;0,00;0,00;13,33;63,33;13,33;10,00;0,00;30
EURUSD;15:30-16:00;0,00;0,00;20,00;56,67;16,67;6,67;0,00;30
EURUSD;16:00-16:30;0,00;0,00;20,00;56,67;16,67;6,67;0,00;30
EURUSD;16:30-17:00;0,00;0,00;16,67;63,33;10,00;10,00;0,00;30
EURUSD;17:00-17:30;0,00;3,33;20,00;50,00;20,00;6,67;0,00;30
EURUSD;17:30-18:00;0,00;0,00;23,33;56,67;10,00;10,00;0,00;30
EURUSD;18:00-18:30;0,00;3,33;16,67;50,00;20,00;10,00;0,00;30
EURUSD;18:30-19:00;0,00;3,33;23,33;46,67;16,67;10,00;0,00;30
EURUSD;TOTAL;0,00;0,61;14,70;66,97;12,12;5,61;0,00;660
GASOLINE;08:00-08:30;0,00;6,67;16,67;70,00;3,33;3,33;0,00;30
GASOLINE;08:30-09:00;0,00;6,67;20,00;66,67;3,33;3,33;0,00;30
GASOLINE;09:00-09:30;0,00;6,67;20,00;60,00;10,00;3,33;0,00;30
GASOLINE;09:30-10:00;0,00;6,67;16,67;56,67;13,33;6,67;0,00;30
GASOLINE;10:00-10:30;0,00;6,67;10,00;66,67;13,33;3,33;0,00;30
GASOLINE;10:30-11:00;0,00;6,67;10,00;66,67;13,33;3,33;0,00;30
GASOLINE;11:00-11:30;0,00;6,67;16,67;66,67;6,67;3,33;0,00;30
GASOLINE;11:30-12:00;0,00;6,67;20,00;50,00;23,33;0,00;0,00;30
GASOLINE;12:00-12:30;0,00;10,00;20,00;43,33;23,33;3,33;0,00;30
GASOLINE;12:30-13:00;0,00;10,00;20,00;46,67;20,00;3,33;0,00;30
GASOLINE;13:00-13:30;0,00;16,67;13,33;30,00;33,33;6,67;0,00;30
GASOLINE;13:30-14:00;0,00;23,33;13,33;30,00;20,00;13,33;0,00;30
GASOLINE;14:00-14:30;0,00;26,67;10,00;23,33;16,67;23,33;0,00;30
GASOLINE;14:30-15:00;0,00;30,00;6,67;20,00;30,00;10,00;3,33;30
GASOLINE;15:00-15:30;3,33;23,33;10,00;26,67;20,00;10,00;6,67;30
GASOLINE;15:30-16:00;0,00;23,33;16,67;20,00;23,33;10,00;6,67;30
GASOLINE;16:00-16:30;0,00;26,67;13,33;16,67;30,00;3,33;10,00;30
GASOLINE;16:30-17:00;0,00;13,33;23,33;23,33;20,00;10,00;10,00;30
GASOLINE;17:00-17:30;0,00;13,33;26,67;20,00;16,67;13,33;10,00;30
GASOLINE;17:30-18:00;7,14;17,86;14,29;17,86;17,86;10,71;14,29;28
GASOLINE;18:00-18:30;0,00;10,71;25,00;25,00;7,14;21,43;10,71;28
GASOLINE;18:30-19:00;3,33;10,00;16,67;33,33;10,00;16,67;10,00;30
GASOLINE;TOTAL;0,61;14,02;16,31;40,09;17,07;8,23;3,66;656
GBPUSD;08:00-08:30;0,00;0,00;6,67;86,67;3,33;3,33;0,00;30
GBPUSD;08:30-09:00;0,00;0,00;3,33;86,67;6,67;3,33;0,00;30
GBPUSD;09:00-09:30;0,00;0,00;6,67;80,00;10,00;3,33;0,00;30
GBPUSD;09:30-10:00;0,00;0,00;6,67;80,00;10,00;3,33;0,00;30
GBPUSD;10:00-10:30;0,00;0,00;13,33;76,67;10,00;0,00;0,00;30
GBPUSD;10:30-11:00;0,00;0,00;13,33;73,33;13,33;0,00;0,00;30
GBPUSD;11:00-11:30;0,00;0,00;20,00;63,33;16,67;0,00;0,00;30
GBPUSD;11:30-12:00;0,00;0,00;16,67;63,33;20,00;0,00;0,00;30
GBPUSD;12:00-12:30;0,00;0,00;26,67;60,00;13,33;0,00;0,00;30
GBPUSD;12:30-13:00;0,00;0,00;26,67;53,33;13,33;6,67;0,00;30
GBPUSD;13:00-13:30;0,00;0,00;23,33;56,67;16,67;3,33;0,00;30
GBPUSD;13:30-14:00;0,00;0,00;23,33;53,33;13,33;10,00;0,00;30
GBPUSD;14:00-14:30;0,00;0,00;23,33;50,00;20,00;6,67;0,00;30
GBPUSD;14:30-15:00;0,00;3,33;20,00;46,67;20,00;10,00;0,00;30
GBPUSD;15:00-15:30;0,00;6,67;13,33;46,67;23,33;10,00;0,00;30
GBPUSD;15:30-16:00;0,00;10,00;13,33;43,33;20,00;13,33;0,00;30
GBPUSD;16:00-16:30;0,00;10,00;6,67;53,33;16,67;10,00;3,33;30
GBPUSD;16:30-17:00;0,00;6,67;13,33;50,00;16,67;10,00;3,33;30
GBPUSD;17:00-17:30;0,00;10,00;10,00;50,00;13,33;13,33;3,33;30
GBPUSD;17:30-18:00;0,00;13,33;10,00;43,33;20,00;6,67;6,67;30
GBPUSD;18:00-18:30;0,00;13,33;10,00;40,00;23,33;6,67;6,67;30
GBPUSD;18:30-19:00;0,00;13,33;10,00;36,67;23,33;10,00;6,67;30
GBPUSD;TOTAL;0,00;3,94;14,39;58,79;15,61;5,91;1,36;660
GERMANY_40;08:00-08:30;3,33;3,33;13,33;70,00;10,00;0,00;0,00;30
GERMANY_40;08:30-09:00;3,33;3,33;13,33;66,67;13,33;0,00;0,00;30
GERMANY_40;09:00-09:30;3,33;6,67;13,33;53,33;23,33;0,00;0,00;30
GERMANY_40;09:30-10:00;3,33;6,67;16,67;53,33;20,00;0,00;0,00;30
GERMANY_40;10:00-10:30;3,33;6,67;20,00;46,67;20,00;3,33;0,00;30
GERMANY_40;10:30-11:00;3,33;6,67;20,00;50,00;16,67;3,33;0,00;30
GERMANY_40;11:00-11:30;3,33;6,67;16,67;56,67;13,33;3,33;0,00;30
GERMANY_40;11:30-12:00;3,33;10,00;10,00;56,67;16,67;3,33;0,00;30
GERMANY_40;12:00-12:30;0,00;13,33;6,67;60,00;16,67;3,33;0,00;30
GERMANY_40;12:30-13:00;3,33;13,33;6,67;56,67;16,67;3,33;0,00;30
GERMANY_40;13:00-13:30;3,33;13,33;6,67;50,00;23,33;0,00;3,33;30
GERMANY_40;13:30-14:00;0,00;16,67;3,33;53,33;23,33;0,00;3,33;30
GERMANY_40;14:00-14:30;3,33;13,33;6,67;46,67;23,33;3,33;3,33;30
GERMANY_40;14:30-15:00;3,33;10,00;13,33;40,00;23,33;6,67;3,33;30
GERMANY_40;15:00-15:30;6,67;6,67;10,00;43,33;20,00;10,00;3,33;30
GERMANY_40;15:30-16:00;3,33;10,00;10,00;46,67;16,67;10,00;3,33;30
GERMANY_40;16:00-16:30;3,33;10,00;13,33;40,00;20,00;10,00;3,33;30
GERMANY_40;16:30-17:00;3,33;10,00;6,67;46,67;20,00;10,00;3,33;30
GERMANY_40;17:00-17:30;3,33;13,33;0,00;53,33;13,33;13,33;3,33;30
GERMANY_40;17:30-18:00;3,33;13,33;3,33;50,00;16,67;10,00;3,33;30
GERMANY_40;18:00-18:30;3,33;10,00;6,67;50,00;13,33;13,33;3,33;30
GERMANY_40;18:30-19:00;3,33;13,33;10,00;43,33;16,67;10,00;3,33;30
GERMANY_40;TOTAL;3,18;9,85;10,30;51,52;18,03;5,30;1,82;660
GOLD;08:00-08:30;3,33;0,00;20,00;53,33;13,33;10,00;0,00;30
GOLD;08:30-09:00;0,00;3,33;36,67;36,67;13,33;10,00;0,00;30
GOLD;09:00-09:30;0,00;3,33;33,33;40,00;16,67;6,67;0,00;30
GOLD;09:30-10:00;0,00;10,00;30,00;33,33;20,00;6,67;0,00;30
GOLD;10:00-10:30;0,00;10,00;26,67;36,67;16,67;10,00;0,00;30
GOLD;10:30-11:00;0,00;6,67;33,33;33,33;16,67;10,00;0,00;30
GOLD;11:00-11:30;0,00;13,33;23,33;33,33;20,00;10,00;0,00;30
GOLD;11:30-12:00;0,00;10,00;23,33;33,33;23,33;10,00;0,00;30
GOLD;12:00-12:30;0,00;10,00;26,67;36,67;13,33;13,33;0,00;30
GOLD;12:30-13:00;3,33;10,00;10,00;50,00;13,33;13,33;0,00;30
GOLD;13:00-13:30;3,33;10,00;20,00;36,67;16,67;13,33;0,00;30
GOLD;13:30-14:00;3,33;13,33;20,00;30,00;13,33;13,33;6,67;30
GOLD;14:00-14:30;0,00;20,00;16,67;30,00;6,67;23,33;3,33;30
GOLD;14:30-15:00;3,33;20,00;13,33;30,00;6,67;16,67;10,00;30
GOLD;15:00-15:30;3,33;13,33;16,67;30,00;10,00;20,00;6,67;30
GOLD;15:30-16:00;3,33;16,67;13,33;23,33;20,00;20,00;3,33;30
GOLD;16:00-16:30;0,00;20,00;13,33;23,33;20,00;23,33;0,00;30
GOLD;16:30-17:00;6,67;10,00;16,67;30,00;6,67;30,00;0,00;30
GOLD;17:00-17:30;10,00;6,67;16,67;33,33;10,00;23,33;0,00;30
GOLD;17:30-18:00;10,00;6,67;13,33;33,33;10,00;26,67;0,00;30
GOLD;18:00-18:30;10,00;6,67;13,33;30,00;13,33;23,33;3,33;30
GOLD;18:30-19:00;6,67;16,67;6,67;30,00;10,00;26,67;3,33;30
GOLD;TOTAL;3,03;10,76;20,15;33,94;14,09;16,36;1,67;660
SILVER;08:00-08:30;3,33;0,00;13,33;60,00;13,33;6,67;3,33;30
SILVER;08:30-09:00;0,00;3,33;26,67;40,00;20,00;6,67;3,33;30
SILVER;09:00-09:30;0,00;3,33;20,00;43,33;23,33;6,67;3,33;30
SILVER;09:30-10:00;0,00;6,67;20,00;46,67;16,67;6,67;3,33;30
SILVER;10:00-10:30;0,00;3,33;30,00;46,67;10,00;6,67;3,33;30
SILVER;10:30-11:00;0,00;3,33;33,33;36,67;16,67;6,67;3,33;30
SILVER;11:00-11:30;0,00;6,67;36,67;30,00;20,00;6,67;0,00;30
SILVER;11:30-12:00;0,00;6,67;23,33;46,67;16,67;6,67;0,00;30
SILVER;12:00-12:30;6,67;6,67;26,67;33,33;20,00;3,33;3,33;30
SILVER;12:30-13:00;6,67;6,67;13,33;43,33;16,67;10,00;3,33;30
SILVER;13:00-13:30;3,33;13,33;16,67;36,67;13,33;16,67;0,00;30
SILVER;13:30-14:00;0,00;16,67;16,67;26,67;13,33;23,33;3,33;30
SILVER;14:00-14:30;0,00;20,00;20,00;20,00;10,00;26,67;3,33;30
SILVER;14:30-15:00;3,33;16,67;23,33;16,67;10,00;26,67;3,33;30
SILVER;15:00-15:30;3,33;13,33;23,33;20,00;10,00;26,67;3,33;30
SILVER;15:30-16:00;3,33;13,33;26,67;13,33;20,00;20,00;3,33;30
SILVER;16:00-16:30;3,33;16,67;23,33;10,00;26,67;16,67;3,33;30
SILVER;16:30-17:00;3,33;20,00;13,33;23,33;23,33;16,67;0,00;30
SILVER;17:00-17:30;6,67;16,67;13,33;20,00;26,67;13,33;3,33;30
SILVER;17:30-18:00;6,90;13,79;17,24;13,79;31,03;17,24;0,00;29
SILVER;18:00-18:30;6,90;13,79;13,79;10,34;41,38;10,34;3,45;29
SILVER;18:30-19:00;6,67;10,00;16,67;20,00;26,67;20,00;0,00;30
SILVER;TOTAL;2,89;10,49;21,28;29,94;19,30;13,68;2,43;658
UK_100;08:00-08:30;0,00;3,33;6,67;63,33;16,67;10,00;0,00;30
UK_100;08:30-09:00;3,33;0,00;10,00;60,00;16,67;10,00;0,00;30
UK_100;09:00-09:30;3,33;3,33;3,33;63,33;13,33;13,33;0,00;30
UK_100;09:30-10:00;3,33;3,33;3,33;63,33;13,33;13,33;0,00;30
UK_100;10:00-10:30;3,33;3,33;6,67;56,67;16,67;13,33;0,00;30
UK_100;10:30-11:00;3,33;3,33;10,00;53,33;20,00;10,00;0,00;30
UK_100;11:00-11:30;3,33;3,33;10,00;53,33;13,33;16,67;0,00;30
UK_100;11:30-12:00;0,00;3,33;13,33;53,33;10,00;16,67;3,33;30
UK_100;12:00-12:30;0,00;6,67;6,67;53,33;13,33;16,67;3,33;30
UK_100;12:30-13:00;0,00;6,67;10,00;53,33;10,00;16,67;3,33;30
UK_100;13:00-13:30;0,00;6,67;10,00;53,33;3,33;20,00;6,67;30
UK_100;13:30-14:00;0,00;3,33;10,00;50,00;13,33;16,67;6,67;30
UK_100;14:00-14:30;0,00;3,33;6,67;53,33;10,00;20,00;6,67;30
UK_100;14:30-15:00;3,33;0,00;6,67;56,67;6,67;20,00;6,67;30
UK_100;15:00-15:30;3,33;0,00;3,33;60,00;10,00;13,33;10,00;30
UK_100;15:30-16:00;3,33;0,00;3,33;53,33;13,33;16,67;10,00;30
UK_100;16:00-16:30;3,33;0,00;3,33;56,67;13,33;10,00;13,33;30
UK_100;16:30-17:00;3,33;0,00;6,67;53,33;10,00;13,33;13,33;30
UK_100;17:00-17:30;3,33;3,33;3,33;53,33;6,67;16,67;13,33;30
UK_100;17:30-18:00;3,33;3,33;3,33;53,33;6,67;16,67;13,33;30
UK_100;18:00-18:30;3,33;3,33;3,33;53,33;6,67;20,00;10,00;30
UK_100;18:30-19:00;3,33;3,33;3,33;56,67;6,67;16,67;10,00;30
UK_100;TOTAL;2,27;2,88;6,52;55,76;11,36;15,30;5,91;660
USDCAD;08:00-08:30;0,00;6,67;6,67;83,33;3,33;0,00;0,00;30
USDCAD;08:30-09:00;0,00;3,33;10,00;76,67;10,00;0,00;0,00;30
USDCAD;09:00-09:30;0,00;3,33;6,67;80,00;10,00;0,00;0,00;30
USDCAD;09:30-10:00;0,00;6,67;6,67;73,33;13,33;0,00;0,00;30
USDCAD;10:00-10:30;0,00;3,33;6,67;80,00;10,00;0,00;0,00;30
USDCAD;10:30-11:00;0,00;0,00;10,00;86,67;3,33;0,00;0,00;30
USDCAD;11:00-11:30;0,00;0,00;10,00;83,33;6,67;0,00;0,00;30
USDCAD;11:30-12:00;0,00;0,00;6,67;86,67;6,67;0,00;0,00;30
USDCAD;12:00-12:30;0,00;3,33;13,33;70,00;13,33;0,00;0,00;30
USDCAD;12:30-13:00;3,33;3,33;10,00;63,33;20,00;0,00;0,00;30
USDCAD;13:00-13:30;3,33;3,33;13,33;66,67;13,33;0,00;0,00;30
USDCAD;13:30-14:00;3,33;3,33;20,00;66,67;6,67;0,00;0,00;30
USDCAD;14:00-14:30;3,33;0,00;30,00;43,33;23,33;0,00;0,00;30
USDCAD;14:30-15:00;3,33;0,00;20,00;60,00;16,67;0,00;0,00;30
USDCAD;15:00-15:30;3,33;3,33;20,00;56,67;16,67;0,00;0,00;30
USDCAD;15:30-16:00;3,33;3,33;20,00;53,33;20,00;0,00;0,00;30
USDCAD;16:00-16:30;3,33;6,67;16,67;56,67;16,67;0,00;0,00;30
USDCAD;16:30-17:00;3,33;6,67;16,67;56,67;13,33;3,33;0,00;30
USDCAD;17:00-17:30;3,33;0,00;23,33;56,67;13,33;3,33;0,00;30
USDCAD;17:30-18:00;3,33;0,00;20,00;56,67;16,67;3,33;0,00;30
USDCAD;18:00-18:30;3,33;3,33;20,00;53,33;16,67;3,33;0,00;30
USDCAD;18:30-19:00;3,33;3,33;16,67;56,67;16,67;3,33;0,00;30
USDCAD;TOTAL;1,97;2,88;14,70;66,67;13,03;0,76;0,00;660
USDCHF;08:00-08:30;0,00;3,33;16,67;73,33;6,67;0,00;0,00;30
USDCHF;08:30-09:00;0,00;3,33;13,33;76,67;6,67;0,00;0,00;30
USDCHF;09:00-09:30;0,00;3,33;6,67;80,00;10,00;0,00;0,00;30
USDCHF;09:30-10:00;0,00;3,33;6,67;76,67;13,33;0,00;0,00;30
USDCHF;10:00-10:30;0,00;0,00;10,00;80,00;10,00;0,00;0,00;30
USDCHF;10:30-11:00;0,00;0,00;6,67;83,33;10,00;0,00;0,00;30
USDCHF;11:00-11:30;0,00;0,00;10,00;80,00;10,00;0,00;0,00;30
USDCHF;11:30-12:00;0,00;0,00;13,33;70,00;16,67;0,00;0,00;30
USDCHF;12:00-12:30;0,00;0,00;13,33;70,00;16,67;0,00;0,00;30
USDCHF;12:30-13:00;3,33;3,33;3,33;73,33;13,33;3,33;0,00;30
USDCHF;13:00-13:30;3,33;3,33;3,33;70,00;20,00;0,00;0,00;30
USDCHF;13:30-14:00;10,00;3,33;0,00;66,67;20,00;0,00;0,00;30
USDCHF;14:00-14:30;10,00;0,00;6,67;60,00;23,33;0,00;0,00;30
USDCHF;14:30-15:00;6,67;3,33;3,33;60,00;23,33;3,33;0,00;30
USDCHF;15:00-15:30;10,00;0,00;16,67;46,67;26,67;0,00;0,00;30
USDCHF;15:30-16:00;6,67;3,33;16,67;46,67;26,67;0,00;0,00;30
USDCHF;16:00-16:30;3,33;6,67;13,33;50,00;23,33;3,33;0,00;30
USDCHF;16:30-17:00;3,33;6,67;10,00;53,33;20,00;6,67;0,00;30
USDCHF;17:00-17:30;3,33;6,67;13,33;50,00;20,00;6,67;0,00;30
USDCHF;17:30-18:00;3,33;10,00;10,00;50,00;20,00;6,67;0,00;30
USDCHF;18:00-18:30;3,33;10,00;10,00;50,00;20,00;6,67;0,00;30
USDCHF;18:30-19:00;3,33;13,33;6,67;46,67;23,33;6,67;0,00;30
USDCHF;TOTAL;3,18;3,79;9,55;64,24;17,27;1,97;0,00;660
USDJPY;08:00-08:30;0,00;3,33;6,67;86,67;3,33;0,00;0,00;30
USDJPY;08:30-09:00;0,00;3,33;3,33;90,00;3,33;0,00;0,00;30
USDJPY;09:00-09:30;0,00;3,33;3,33;90,00;3,33;0,00;0,00;30
USDJPY;09:30-10:00;0,00;3,33;3,33;90,00;3,33;0,00;0,00;30
USDJPY;10:00-10:30;0,00;3,33;6,67;86,67;3,33;0,00;0,00;30
USDJPY;10:30-11:00;0,00;3,33;6,67;86,67;3,33;0,00;0,00;30
USDJPY;11:00-11:30;0,00;3,33;3,33;86,67;6,67;0,00;0,00;30
USDJPY;11:30-12:00;0,00;3,33;3,33;86,67;6,67;0,00;0,00;30
USDJPY;12:00-12:30;0,00;3,33;3,33;83,33;10,00;0,00;0,00;30
USDJPY;12:30-13:00;0,00;3,33;6,67;80,00;6,67;3,33;0,00;30
USDJPY;13:00-13:30;0,00;3,33;10,00;80,00;6,67;0,00;0,00;30
USDJPY;13:30-14:00;6,67;0,00;6,67;73,33;13,33;0,00;0,00;30
USDJPY;14:00-14:30;3,33;3,33;6,67;73,33;13,33;0,00;0,00;30
USDJPY;14:30-15:00;3,33;3,33;6,67;70,00;16,67;0,00;0,00;30
USDJPY;15:00-15:30;6,67;0,00;6,67;70,00;16,67;0,00;0,00;30
USDJPY;15:30-16:00;6,67;3,33;0,00;73,33;16,67;0,00;0,00;30
USDJPY;16:00-16:30;3,33;6,67;0,00;70,00;20,00;0,00;0,00;30
USDJPY;16:30-17:00;3,33;3,33;3,33;73,33;16,67;0,00;0,00;30
USDJPY;17:00-17:30;3,33;3,33;3,33;73,33;16,67;0,00;0,00;30
USDJPY;17:30-18:00;3,33;3,33;3,33;73,33;16,67;0,00;0,00;30
USDJPY;18:00-18:30;3,33;3,33;3,33;73,33;16,67;0,00;0,00;30
USDJPY;18:30-19:00;3,33;3,33;6,67;70,00;16,67;0,00;0,00;30
USDJPY;TOTAL;2,12;3,18;4,70;79,09;10,76;0,15;0,00;660
US_30;08:00-08:30;0,00;3,33;6,67;86,67;3,33;0,00;0,00;30
US_30;08:30-09:00;0,00;3,33;6,67;83,33;6,67;0,00;0,00;30
US_30;09:00-09:30;0,00;3,33;6,67;83,33;6,67;0,00;0,00;30
US_30;09:30-10:00;0,00;3,33;6,67;80,00;10,00;0,00;0,00;30
US_30;10:00-10:30;0,00;3,33;6,67;80,00;10,00;0,00;0,00;30
US_30;10:30-11:00;0,00;3,33;3,33;80,00;13,33;0,00;0,00;30
US_30;11:00-11:30;0,00;3,33;13,33;70,00;13,33;0,00;0,00;30
US_30;11:30-12:00;0,00;3,33;10,00;70,00;16,67;0,00;0,00;30
US_30;12:00-12:30;0,00;3,33;16,67;66,67;10,00;3,33;0,00;30
US_30;12:30-13:00;0,00;6,67;10,00;66,67;13,33;3,33;0,00;30
US_30;13:00-13:30;0,00;13,33;6,67;60,00;16,67;3,33;0,00;30
US_30;13:30-14:00;0,00;10,00;3,33;70,00;13,33;3,33;0,00;30
US_30;14:00-14:30;3,33;6,67;0,00;73,33;13,33;3,33;0,00;30
US_30;14:30-15:00;3,33;6,67;0,00;66,67;16,67;6,67;0,00;30
US_30;15:00-15:30;6,67;3,33;0,00;63,33;16,67;10,00;0,00;30
US_30;15:30-16:00;6,67;3,33;3,33;60,00;20,00;6,67;0,00;30
US_30;16:00-16:30;3,33;6,67;0,00;56,67;20,00;13,33;0,00;30
US_30;16:30-17:00;3,33;6,67;0,00;60,00;23,33;6,67;0,00;30
US_30;17:00-17:30;3,33;6,67;6,67;56,67;23,33;3,33;0,00;30
US_30;17:30-18:00;3,57;7,14;3,57;64,29;17,86;3,57;0,00;28
US_30;18:00-18:30;3,57;7,14;3,57;53,57;28,57;3,57;0,00;28
US_30;18:30-19:00;0,00;10,00;6,67;60,00;16,67;6,67;0,00;30
US_30;TOTAL;1,68;5,64;5,49;68,75;14,94;3,51;0,00;656
US_500;08:00-08:30;0,00;6,67;3,33;83,33;6,67;0,00;0,00;30
US_500;08:30-09:00;0,00;6,67;6,67;80,00;6,67;0,00;0,00;30
US_500;09:00-09:30;0,00;6,67;6,67;80,00;6,67;0,00;0,00;30
US_500;09:30-10:00;0,00;6,67;6,67;80,00;6,67;0,00;0,00;30
US_500;10:00-10:30;0,00;3,33;10,00;80,00;6,67;0,00;0,00;30
US_500;10:30-11:00;0,00;3,33;10,00;80,00;6,67;0,00;0,00;30
US_500;11:00-11:30;0,00;3,33;10,00;80,00;6,67;0,00;0,00;30
US_500;11:30-12:00;0,00;3,33;13,33;73,33;10,00;0,00;0,00;30
US_500;12:00-12:30;0,00;3,33;16,67;76,67;3,33;0,00;0,00;30
US_500;12:30-13:00;0,00;6,67;16,67;70,00;6,67;0,00;0,00;30
US_500;13:00-13:30;0,00;10,00;10,00;66,67;13,33;0,00;0,00;30
US_500;13:30-14:00;0,00;13,33;6,67;60,00;13,33;6,67;0,00;30
US_500;14:00-14:30;0,00;10,00;13,33;63,33;10,00;3,33;0,00;30
US_500;14:30-15:00;0,00;10,00;13,33;63,33;13,33;0,00;0,00;30
US_500;15:00-15:30;3,33;13,33;10,00;50,00;23,33;0,00;0,00;30
US_500;15:30-16:00;0,00;13,33;10,00;53,33;23,33;0,00;0,00;30
US_500;16:00-16:30;0,00;13,33;10,00;53,33;16,67;6,67;0,00;30
US_500;16:30-17:00;0,00;13,33;10,00;50,00;16,67;10,00;0,00;30
US_500;17:00-17:30;0,00;13,33;13,33;53,33;13,33;6,67;0,00;30
US_500;17:30-18:00;0,00;14,29;21,43;42,86;14,29;7,14;0,00;28
US_500;18:00-18:30;0,00;14,29;10,71;50,00;14,29;10,71;0,00;28
US_500;18:30-19:00;0,00;10,00;20,00;46,67;13,33;10,00;0,00;30
US_500;TOTAL;0,15;8,99;11,28;65,40;11,43;2,74;0,00;656
US_TECH100;08:00-08:30;3,33;3,33;30,00;50,00;6,67;6,67;0,00;30
US_TECH100;08:30-09:00;3,33;3,33;23,33;60,00;3,33;6,67;0,00;30
US_TECH100;09:00-09:30;3,33;10,00;13,33;63,33;3,33;6,67;0,00;30
US_TECH100;09:30-10:00;3,33;10,00;13,33;60,00;6,67;6,67;0,00;30
US_TECH100;10:00-10:30;3,33;6,67;10,00;66,67;6,67;6,67;0,00;30
US_TECH100;10:30-11:00;3,33;3,33;20,00;60,00;6,67;6,67;0,00;30
US_TECH100;11:00-11:30;3,33;6,67;16,67;56,67;10,00;6,67;0,00;30
US_TECH100;11:30-12:00;3,33;6,67;23,33;46,67;13,33;6,67;0,00;30
US_TECH100;12:00-12:30;3,33;3,33;30,00;40,00;16,67;6,67;0,00;30
US_TECH100;12:30-13:00;3,33;10,00;23,33;40,00;13,33;10,00;0,00;30
US_TECH100;13:00-13:30;3,33;10,00;23,33;40,00;6,67;16,67;0,00;30
US_TECH100;13:30-14:00;6,67;26,67;10,00;30,00;3,33;20,00;3,33;30
US_TECH100;14:00-14:30;3,33;20,00;20,00;30,00;13,33;10,00;3,33;30
US_TECH100;14:30-15:00;3,33;26,67;20,00;26,67;10,00;13,33;0,00;30
US_TECH100;15:00-15:30;10,00;16,67;23,33;26,67;6,67;16,67;0,00;30
US_TECH100;15:30-16:00;10,00;13,33;20,00;26,67;13,33;16,67;0,00;30
US_TECH100;16:00-16:30;3,33;26,67;13,33;26,67;13,33;13,33;3,33;30
US_TECH100;16:30-17:00;6,67;26,67;6,67;33,33;10,00;13,33;3,33;30
US_TECH100;17:00-17:30;6,67;23,33;16,67;26,67;6,67;16,67;3,33;30
US_TECH100;17:30-18:00;10,71;21,43;25,00;17,86;3,57;17,86;3,57;28
US_TECH100;18:00-18:30;7,14;28,57;21,43;17,86;3,57;17,86;3,57;28
US_TECH100;18:30-19:00;3,33;30,00;16,67;23,33;6,67;16,67;3,33;30
US_TECH100;TOTAL;4,88;15,09;19,05;39,63;8,38;11,74;1,22;656
