Actif;Creneau;EXTREME_LOW %;LOW %;MEDIUM %;HIGH %;EXTREME_HIGH %;n
AUDUSD;08:00-08:30;6,67;20,00;53,33;20,00;0,00;15
AUDUSD;08:30-09:00;14,29;23,81;38,10;23,81;0,00;21
AUDUSD;09:00-09:30;8,70;26,09;39,13;26,09;0,00;23
AUDUSD;09:30-10:00;8,33;29,17;37,50;25,00;0,00;24
AUDUSD;10:00-10:30;8,33;29,17;41,67;20,83;0,00;24
AUDUSD;10:30-11:00;8,33;29,17;41,67;20,83;0,00;24
AUDUSD;11:00-11:30;8,33;25,00;45,83;20,83;0,00;24
AUDUSD;11:30-12:00;8,33;25,00;45,83;20,83;0,00;24
AUDUSD;12:00-12:30;8,33;20,83;45,83;25,00;0,00;24
AUDUSD;12:30-13:00;8,33;20,83;45,83;25,00;0,00;24
AUDUSD;13:00-13:30;8,33;29,17;37,50;25,00;0,00;24
AUDUSD;13:30-14:00;8,33;29,17;37,50;25,00;0,00;24
AUDUSD;14:00-14:30;12,50;33,33;25,00;29,17;0,00;24
AUDUSD;14:30-15:00;13,04;34,78;21,74;30,43;0,00;23
AUDUSD;15:00-15:30;17,39;39,13;13,04;30,43;0,00;23
AUDUSD;15:30-16:00;17,39;39,13;13,04;30,43;0,00;23
AUDUSD;16:00-16:30;8,70;47,83;17,39;26,09;0,00;23
AUDUSD;16:30-17:00;8,70;47,83;17,39;26,09;0,00;23
AUDUSD;17:00-17:30;9,09;36,36;27,27;27,27;0,00;22
AUDUSD;17:30-18:00;10,53;36,84;26,32;26,32;0,00;19
AUDUSD;18:00-18:30;11,11;38,89;22,22;27,78;0,00;18
AUDUSD;18:30-19:00;11,76;35,29;23,53;29,41;0,00;17
AUDUSD;TOTAL;10,20;31,63;32,65;25,51;0,00;490
BRENT_OIL;08:00-08:30;6,67;20,00;33,33;26,67;13,33;15
BRENT_OIL;08:30-09:00;14,29;19,05;28,57;28,57;9,52;21
BRENT_OIL;09:00-09:30;8,70;17,39;34,78;34,78;4,35;23
BRENT_OIL;09:30-10:00;8,33;16,67;33,33;37,50;4,17;24
BRENT_OIL;10:00-10:30;8,33;20,83;29,17;37,50;4,17;24
BRENT_OIL;10:30-11:00;8,33;20,83;29,17;37,50;4,17;24
BRENT_OIL;11:00-11:30;4,17;37,50;25,00;25,00;8,33;24
BRENT_OIL;11:30-12:00;4,17;37,50;25,00;25,00;8,33;24
BRENT_OIL;12:00-12:30;8,33;29,17;25,00;29,17;8,33;24
BRENT_OIL;12:30-13:00;8,33;29,17;25,00;29,17;8,33;24
BRENT_OIL;13:00-13:30;8,33;20,83;33,33;29,17;8,33;24
BRENT_OIL;13:30-14:00;8,33;20,83;33,33;29,17;8,33;24
BRENT_OIL;14:00-14:30;8,33;29,17;25,00;37,50;0,00;24
BRENT_OIL;14:30-15:00;8,70;30,43;26,09;34,78;0,00;23
BRENT_OIL;15:00-15:30;4,35;39,13;13,04;43,48;0,00;23
BRENT_OIL;15:30-16:00;4,35;39,13;13,04;43,48;0,00;23
BRENT_OIL;16:00-16:30;4,35;39,13;13,04;43,48;0,00;23
BRENT_OIL;16:30-17:00;4,35;39,13;13,04;43,48;0,00;23
BRENT_OIL;17:00-17:30;9,09;27,27;13,64;50,00;0,00;22
BRENT_OIL;17:30-18:00;10,53;21,05;15,79;47,37;5,26;19
BRENT_OIL;18:00-18:30;16,67;22,22;16,67;33,33;11,11;18
BRENT_OIL;18:30-19:00;17,65;23,53;17,65;29,41;11,76;17
BRENT_OIL;TOTAL;8,16;27,55;23,88;35,31;5,10;490
BTCUSD;08:00-08:30;0,00;53,33;26,67;20,00;0,00;15
BTCUSD;08:30-09:00;0,00;38,10;42,86;19,05;0,00;21
BTCUSD;09:00-09:30;0,00;30,43;47,83;21,74;0,00;23
BTCUSD;09:30-10:00;0,00;29,17;45,83;25,00;0,00;24
BTCUSD;10:00-10:30;0,00;50,00;20,83;29,17;0,00;24
BTCUSD;10:30-11:00;0,00;50,00;20,83;29,17;0,00;24
BTCUSD;11:00-11:30;4,17;41,67;25,00;29,17;0,00;24
BTCUSD;11:30-12:00;4,17;41,67;25,00;29,17;0,00;24
BTCUSD;12:00-12:30;12,50;37,50;29,17;20,83;0,00;24
BTCUSD;12:30-13:00;12,50;37,50;29,17;20,83;0,00;24
BTCUSD;13:00-13:30;4,17;33,33;41,67;16,67;4,17;24
BTCUSD;13:30-14:00;4,17;33,33;41,67;16,67;4,17;24
BTCUSD;14:00-14:30;0,00;41,67;29,17;25,00;4,17;24
BTCUSD;14:30-15:00;0,00;43,48;26,09;26,09;4,35;23
BTCUSD;15:00-15:30;0,00;43,48;26,09;21,74;8,70;23
BTCUSD;15:30-16:00;0,00;43,48;26,09;21,74;8,70;23
BTCUSD;16:00-16:30;0,00;43,48;34,78;13,04;8,70;23
BTCUSD;16:30-17:00;0,00;43,48;34,78;13,04;8,70;23
BTCUSD;17:00-17:30;9,09;40,91;22,73;22,73;4,55;22
BTCUSD;17:30-18:00;10,53;42,11;21,05;26,32;0,00;19
BTCUSD;18:00-18:30;5,56;55,56;5,56;33,33;0,00;18
BTCUSD;18:30-19:00;5,88;52,94;5,88;35,29;0,00;17
BTCUSD;TOTAL;3,27;41,63;29,18;23,27;2,65;490
COCOA;08:00-08:30;100,00;0,00;0,00;0,00;0,00;15
COCOA;08:30-09:00;100,00;0,00;0,00;0,00;0,00;21
COCOA;09:00-09:30;4,35;56,52;26,09;13,04;0,00;23
COCOA;09:30-10:00;4,17;54,17;25,00;12,50;4,17;24
COCOA;10:00-10:30;8,33;62,50;16,67;8,33;4,17;24
COCOA;10:30-11:00;8,33;62,50;16,67;8,33;4,17;24
COCOA;11:00-11:30;12,50;58,33;20,83;4,17;4,17;24
COCOA;11:30-12:00;12,50;58,33;20,83;4,17;4,17;24
COCOA;12:00-12:30;16,67;54,17;20,83;4,17;4,17;24
COCOA;12:30-13:00;16,67;54,17;20,83;4,17;4,17;24
COCOA;13:00-13:30;12,50;45,83;33,33;8,33;0,00;24
COCOA;13:30-14:00;12,50;45,83;33,33;8,33;0,00;24
COCOA;14:00-14:30;16,67;45,83;25,00;12,50;0,00;24
COCOA;14:30-15:00;17,39;43,48;26,09;13,04;0,00;23
COCOA;15:00-15:30;8,70;43,48;34,78;13,04;0,00;23
COCOA;15:30-16:00;8,70;43,48;34,78;13,04;0,00;23
COCOA;16:00-16:30;17,39;47,83;21,74;13,04;0,00;23
COCOA;16:30-17:00;17,39;47,83;21,74;13,04;0,00;23
COCOA;17:00-17:30;22,73;40,91;27,27;9,09;0,00;22
COCOA;17:30-18:00;21,05;42,11;26,32;10,53;0,00;19
COCOA;18:00-18:30;16,67;50,00;16,67;16,67;0,00;18
COCOA;18:30-19:00;17,65;47,06;17,65;17,65;0,00;17
COCOA;TOTAL;19,80;46,73;22,65;9,39;1,43;490
CrudeOIL;08:00-08:30;13,33;26,67;26,67;26,67;6,67;15
CrudeOIL;08:30-09:00;14,29;33,33;23,81;23,81;4,76;21
CrudeOIL;09:00-09:30;17,39;21,74;34,78;21,74;4,35;23
CrudeOIL;09:30-10:00;16,67;20,83;33,33;25,00;4,17;24
CrudeOIL;10:00-10:30;12,50;25,00;29,17;29,17;4,17;24
CrudeOIL;10:30-11:00;12,50;25,00;29,17;29,17;4,17;24
CrudeOIL;11:00-11:30;8,33;33,33;25,00;29,17;4,17;24
CrudeOIL;11:30-12:00;8,33;33,33;25,00;29,17;4,17;24
CrudeOIL;12:00-12:30;4,17;41,67;20,83;29,17;4,17;24
CrudeOIL;12:30-13:00;4,17;41,67;20,83;29,17;4,17;24
CrudeOIL;13:00-13:30;8,33;33,33;25,00;33,33;0,00;24
CrudeOIL;13:30-14:00;8,33;33,33;25,00;33,33;0,00;24
CrudeOIL;14:00-14:30;8,33;29,17;37,50;25,00;0,00;24
CrudeOIL;14:30-15:00;8,70;30,43;39,13;21,74;0,00;23
CrudeOIL;15:00-15:30;8,70;39,13;21,74;30,43;0,00;23
CrudeOIL;15:30-16:00;8,70;39,13;21,74;30,43;0,00;23
CrudeOIL;16:00-16:30;8,70;39,13;17,39;34,78;0,00;23
CrudeOIL;16:30-17:00;8,70;39,13;17,39;34,78;0,00;23
CrudeOIL;17:00-17:30;13,64;22,73;31,82;31,82;0,00;22
CrudeOIL;17:30-18:00;15,79;15,79;36,84;26,32;5,26;19
CrudeOIL;18:00-18:30;16,67;16,67;27,78;33,33;5,56;18
CrudeOIL;18:30-19:00;17,65;17,65;29,41;29,41;5,88;17
CrudeOIL;TOTAL;10,82;30,41;27,14;28,98;2,65;490
ETHUSD;08:00-08:30;6,67;40,00;20,00;33,33;0,00;15
ETHUSD;08:30-09:00;9,52;28,57;28,57;33,33;0,00;21
ETHUSD;09:00-09:30;4,35;34,78;30,43;26,09;4,35;23
ETHUSD;09:30-10:00;4,17;33,33;29,17;29,17;4,17;24
ETHUSD;10:00-10:30;0,00;41,67;25,00;29,17;4,17;24
ETHUSD;10:30-11:00;0,00;41,67;25,00;29,17;4,17;24
ETHUSD;11:00-11:30;8,33;29,17;33,33;25,00;4,17;24
ETHUSD;11:30-12:00;8,33;29,17;33,33;25,00;4,17;24
ETHUSD;12:00-12:30;4,17;33,33;33,33;25,00;4,17;24
ETHUSD;12:30-13:00;4,17;33,33;33,33;25,00;4,17;24
ETHUSD;13:00-13:30;4,17;12,50;54,17;29,17;0,00;24
ETHUSD;13:30-14:00;4,17;12,50;54,17;29,17;0,00;24
ETHUSD;14:00-14:30;0,00;25,00;41,67;33,33;0,00;24
ETHUSD;14:30-15:00;0,00;26,09;43,48;30,43;0,00;23
ETHUSD;15:00-15:30;0,00;30,43;39,13;30,43;0,00;23
ETHUSD;15:30-16:00;0,00;30,43;39,13;30,43;0,00;23
ETHUSD;16:00-16:30;0,00;26,09;43,48;30,43;0,00;23
ETHUSD;16:30-17:00;0,00;26,09;43,48;30,43;0,00;23
ETHUSD;17:00-17:30;4,55;18,18;54,55;22,73;0,00;22
ETHUSD;17:30-18:00;5,26;21,05;52,63;21,05;0,00;19
ETHUSD;18:00-18:30;0,00;33,33;38,89;27,78;0,00;18
ETHUSD;18:30-19:00;0,00;29,41;41,18;29,41;0,00;17
ETHUSD;TOTAL;3,06;28,78;38,16;28,37;1,63;490
EURUSD;08:00-08:30;0,00;13,33;60,00;26,67;0,00;15
EURUSD;08:30-09:00;4,76;9,52;57,14;28,57;0,00;21
EURUSD;09:00-09:30;0,00;13,04;56,52;30,43;0,00;23
EURUSD;09:30-10:00;0,00;12,50;54,17;33,33;0,00;24
EURUSD;10:00-10:30;4,17;12,50;54,17;29,17;0,00;24
EURUSD;10:30-11:00;4,17;12,50;54,17;29,17;0,00;24
EURUSD;11:00-11:30;0,00;29,17;50,00;20,83;0,00;24
EURUSD;11:30-12:00;0,00;29,17;50,00;20,83;0,00;24
EURUSD;12:00-12:30;0,00;33,33;45,83;20,83;0,00;24
EURUSD;12:30-13:00;0,00;33,33;45,83;20,83;0,00;24
EURUSD;13:00-13:30;0,00;29,17;50,00;16,67;4,17;24
EURUSD;13:30-14:00;0,00;29,17;50,00;16,67;4,17;24
EURUSD;14:00-14:30;0,00;33,33;41,67;20,83;4,17;24
EURUSD;14:30-15:00;0,00;30,43;43,48;21,74;4,35;23
EURUSD;15:00-15:30;0,00;30,43;39,13;26,09;4,35;23
EURUSD;15:30-16:00;0,00;30,43;39,13;26,09;4,35;23
EURUSD;16:00-16:30;0,00;26,09;47,83;26,09;0,00;23
EURUSD;16:30-17:00;0,00;26,09;47,83;26,09;0,00;23
EURUSD;17:00-17:30;4,55;22,73;40,91;31,82;0,00;22
EURUSD;17:30-18:00;5,26;15,79;42,11;36,84;0,00;19
EURUSD;18:00-18:30;0,00;22,22;50,00;27,78;0,00;18
EURUSD;18:30-19:00;0,00;23,53;52,94;23,53;0,00;17
EURUSD;TOTAL;1,02;23,88;48,57;25,31;1,22;490
GASOLINE;08:00-08:30;0,00;40,00;26,67;26,67;6,67;15
GASOLINE;08:30-09:00;9,52;38,10;23,81;19,05;9,52;21
GASOLINE;09:00-09:30;8,70;30,43;30,43;21,74;8,70;23
GASOLINE;09:30-10:00;8,33;29,17;29,17;25,00;8,33;24
GASOLINE;10:00-10:30;8,33;45,83;16,67;20,83;8,33;24
GASOLINE;10:30-11:00;8,33;45,83;16,67;20,83;8,33;24
GASOLINE;11:00-11:30;4,17;45,83;20,83;20,83;8,33;24
GASOLINE;11:30-12:00;4,17;45,83;20,83;20,83;8,33;24
GASOLINE;12:00-12:30;4,17;37,50;29,17;25,00;4,17;24
GASOLINE;12:30-13:00;4,17;37,50;29,17;25,00;4,17;24
GASOLINE;13:00-13:30;4,17;41,67;25,00;25,00;4,17;24
GASOLINE;13:30-14:00;4,17;41,67;25,00;25,00;4,17;24
GASOLINE;14:00-14:30;8,33;37,50;20,83;29,17;4,17;24
GASOLINE;14:30-15:00;8,70;39,13;21,74;26,09;4,35;23
GASOLINE;15:00-15:30;4,35;43,48;17,39;34,78;0,00;23
GASOLINE;15:30-16:00;4,35;43,48;17,39;34,78;0,00;23
GASOLINE;16:00-16:30;8,70;34,78;26,09;30,43;0,00;23
GASOLINE;16:30-17:00;8,70;34,78;26,09;30,43;0,00;23
GASOLINE;17:00-17:30;4,55;31,82;40,91;22,73;0,00;22
GASOLINE;17:30-18:00;5,26;26,32;47,37;21,05;0,00;19
GASOLINE;18:00-18:30;11,11;16,67;50,00;22,22;0,00;18
GASOLINE;18:30-19:00;11,76;17,65;47,06;23,53;0,00;17
GASOLINE;TOTAL;6,53;37,14;26,94;25,10;4,29;490
GBPUSD;08:00-08:30;0,00;20,00;40,00;40,00;0,00;15
GBPUSD;08:30-09:00;4,76;23,81;38,10;33,33;0,00;21
GBPUSD;09:00-09:30;4,35;21,74;39,13;34,78;0,00;23
GBPUSD;09:30-10:00;4,17;20,83;41,67;33,33;0,00;24
GBPUSD;10:00-10:30;0,00;25,00;50,00;25,00;0,00;24
GBPUSD;10:30-11:00;0,00;25,00;50,00;25,00;0,00;24
GBPUSD;11:00-11:30;0,00;20,83;66,67;12,50;0,00;24
GBPUSD;11:30-12:00;0,00;20,83;66,67;12,50;0,00;24
GBPUSD;12:00-12:30;0,00;16,67;75,00;8,33;0,00;24
GBPUSD;12:30-13:00;0,00;16,67;75,00;8,33;0,00;24
GBPUSD;13:00-13:30;4,17;25,00;54,17;16,67;0,00;24
GBPUSD;13:30-14:00;4,17;25,00;54,17;16,67;0,00;24
GBPUSD;14:00-14:30;4,17;20,83;54,17;20,83;0,00;24
GBPUSD;14:30-15:00;4,35;21,74;52,17;21,74;0,00;23
GBPUSD;15:00-15:30;0,00;34,78;34,78;30,43;0,00;23
GBPUSD;15:30-16:00;0,00;34,78;34,78;30,43;0,00;23
GBPUSD;16:00-16:30;4,35;39,13;21,74;34,78;0,00;23
GBPUSD;16:30-17:00;4,35;39,13;21,74;34,78;0,00;23
GBPUSD;17:00-17:30;9,09;22,73;31,82;36,36;0,00;22
GBPUSD;17:30-18:00;10,53;15,79;31,58;42,11;0,00;19
GBPUSD;18:00-18:30;5,56;22,22;33,33;38,89;0,00;18
GBPUSD;18:30-19:00;5,88;23,53;29,41;41,18;0,00;17
GBPUSD;TOTAL;3,06;24,49;46,12;26,33;0,00;490
GERMANY_40;08:00-08:30;0,00;33,33;26,67;40,00;0,00;15
GERMANY_40;08:30-09:00;9,52;38,10;19,05;33,33;0,00;21
GERMANY_40;09:00-09:30;4,35;39,13;21,74;30,43;4,35;23
GERMANY_40;09:30-10:00;4,17;41,67;20,83;29,17;4,17;24
GERMANY_40;10:00-10:30;8,33;33,33;37,50;16,67;4,17;24
GERMANY_40;10:30-11:00;8,33;33,33;37,50;16,67;4,17;24
GERMANY_40;11:00-11:30;8,33;37,50;33,33;16,67;4,17;24
GERMANY_40;11:30-12:00;8,33;37,50;33,33;16,67;4,17;24
GERMANY_40;12:00-12:30;4,17;29,17;41,67;16,67;8,33;24
GERMANY_40;12:30-13:00;4,17;29,17;41,67;16,67;8,33;24
GERMANY_40;13:00-13:30;4,17;37,50;33,33;16,67;8,33;24
GERMANY_40;13:30-14:00;4,17;37,50;33,33;16,67;8,33;24
GERMANY_40;14:00-14:30;4,17;33,33;37,50;20,83;4,17;24
GERMANY_40;14:30-15:00;4,35;30,43;39,13;21,74;4,35;23
GERMANY_40;15:00-15:30;8,70;34,78;30,43;26,09;0,00;23
GERMANY_40;15:30-16:00;8,70;34,78;30,43;26,09;0,00;23
GERMANY_40;16:00-16:30;8,70;34,78;26,09;30,43;0,00;23
GERMANY_40;16:30-17:00;8,70;34,78;26,09;30,43;0,00;23
GERMANY_40;17:00-17:30;13,64;22,73;31,82;31,82;0,00;22
GERMANY_40;17:30-18:00;10,53;26,32;36,84;26,32;0,00;19
GERMANY_40;18:00-18:30;5,56;33,33;38,89;22,22;0,00;18
GERMANY_40;18:30-19:00;5,88;29,41;41,18;23,53;0,00;17
GERMANY_40;TOTAL;6,73;33,88;32,65;23,47;3,27;490
GOLD;08:00-08:30;0,00;20,00;33,33;33,33;13,33;15
GOLD;08:30-09:00;4,76;28,57;33,33;23,81;9,52;21
GOLD;09:00-09:30;4,35;30,43;34,78;30,43;0,00;23
GOLD;09:30-10:00;4,17;29,17;37,50;29,17;0,00;24
GOLD;10:00-10:30;4,17;33,33;33,33;29,17;0,00;24
GOLD;10:30-11:00;4,17;33,33;33,33;29,17;0,00;24
GOLD;11:00-11:30;4,17;33,33;37,50;25,00;0,00;24
GOLD;11:30-12:00;4,17;33,33;37,50;25,00;0,00;24
GOLD;12:00-12:30;0,00;37,50;41,67;20,83;0,00;24
GOLD;12:30-13:00;0,00;37,50;41,67;20,83;0,00;24
GOLD;13:00-13:30;4,17;41,67;37,50;16,67;0,00;24
GOLD;13:30-14:00;4,17;41,67;37,50;16,67;0,00;24
GOLD;14:00-14:30;4,17;37,50;45,83;8,33;4,17;24
GOLD;14:30-15:00;4,35;39,13;47,83;4,35;4,35;23
GOLD;15:00-15:30;4,35;34,78;52,17;4,35;4,35;23
GOLD;15:30-16:00;4,35;34,78;52,17;4,35;4,35;23
GOLD;16:00-16:30;4,35;30,43;47,83;13,04;4,35;23
GOLD;16:30-17:00;4,35;30,43;47,83;13,04;4,35;23
GOLD;17:00-17:30;4,55;31,82;40,91;18,18;4,55;22
GOLD;17:30-18:00;5,26;21,05;47,37;21,05;5,26;19
GOLD;18:00-18:30;5,56;33,33;44,44;11,11;5,56;18
GOLD;18:30-19:00;5,88;35,29;41,18;11,76;5,88;17
GOLD;TOTAL;3,88;33,47;41,22;18,57;2,86;490
SILVER;08:00-08:30;0,00;20,00;40,00;40,00;0,00;15
SILVER;08:30-09:00;4,76;28,57;33,33;33,33;0,00;21
SILVER;09:00-09:30;4,35;34,78;30,43;30,43;0,00;23
SILVER;09:30-10:00;4,17;33,33;29,17;33,33;0,00;24
SILVER;10:00-10:30;8,33;29,17;33,33;29,17;0,00;24
SILVER;10:30-11:00;8,33;29,17;33,33;29,17;0,00;24
SILVER;11:00-11:30;16,67;25,00;20,83;37,50;0,00;24
SILVER;11:30-12:00;16,67;25,00;20,83;37,50;0,00;24
SILVER;12:00-12:30;4,17;45,83;20,83;29,17;0,00;24
SILVER;12:30-13:00;4,17;45,83;20,83;29,17;0,00;24
SILVER;13:00-13:30;12,50;33,33;33,33;20,83;0,00;24
SILVER;13:30-14:00;12,50;33,33;33,33;20,83;0,00;24
SILVER;14:00-14:30;20,83;20,83;33,33;20,83;4,17;24
SILVER;14:30-15:00;21,74;21,74;34,78;17,39;4,35;23
SILVER;15:00-15:30;8,70;30,43;39,13;17,39;4,35;23
SILVER;15:30-16:00;8,70;30,43;39,13;17,39;4,35;23
SILVER;16:00-16:30;8,70;30,43;43,48;13,04;4,35;23
SILVER;16:30-17:00;8,70;30,43;43,48;13,04;4,35;23
SILVER;17:00-17:30;9,09;36,36;27,27;22,73;4,55;22
SILVER;17:30-18:00;10,53;31,58;26,32;26,32;5,26;19
SILVER;18:00-18:30;11,11;27,78;27,78;27,78;5,56;18
SILVER;18:30-19:00;11,76;29,41;29,41;23,53;5,88;17
SILVER;TOTAL;10,00;30,82;31,43;25,71;2,04;490
UK_100;08:00-08:30;6,67;33,33;46,67;13,33;0,00;15
UK_100;08:30-09:00;14,29;42,86;33,33;9,52;0,00;21
UK_100;09:00-09:30;8,70;52,17;26,09;13,04;0,00;23
UK_100;09:30-10:00;8,33;54,17;25,00;12,50;0,00;24
UK_100;10:00-10:30;8,33;66,67;12,50;12,50;0,00;24
UK_100;10:30-11:00;8,33;66,67;12,50;12,50;0,00;24
UK_100;11:00-11:30;8,33;58,33;25,00;8,33;0,00;24
UK_100;11:30-12:00;8,33;58,33;25,00;8,33;0,00;24
UK_100;12:00-12:30;12,50;50,00;29,17;8,33;0,00;24
UK_100;12:30-13:00;12,50;50,00;29,17;8,33;0,00;24
UK_100;13:00-13:30;12,50;54,17;20,83;12,50;0,00;24
UK_100;13:30-14:00;12,50;54,17;20,83;12,50;0,00;24
UK_100;14:00-14:30;16,67;41,67;29,17;8,33;4,17;24
UK_100;14:30-15:00;17,39;43,48;26,09;8,70;4,35;23
UK_100;15:00-15:30;17,39;34,78;34,78;8,70;4,35;23
UK_100;15:30-16:00;17,39;34,78;34,78;8,70;4,35;23
UK_100;16:00-16:30;13,04;39,13;39,13;4,35;4,35;23
UK_100;16:30-17:00;13,04;39,13;39,13;4,35;4,35;23
UK_100;17:00-17:30;13,64;27,27;50,00;4,55;4,55;22
UK_100;17:30-18:00;10,53;31,58;47,37;5,26;5,26;19
UK_100;18:00-18:30;16,67;16,67;50,00;11,11;5,56;18
UK_100;18:30-19:00;17,65;17,65;47,06;11,76;5,88;17
UK_100;TOTAL;12,45;45,10;31,02;9,39;2,04;490
USDCAD;08:00-08:30;20,00;13,33;20,00;46,67;0,00;15
USDCAD;08:30-09:00;19,05;19,05;14,29;47,62;0,00;21
USDCAD;09:00-09:30;8,70;34,78;21,74;34,78;0,00;23
USDCAD;09:30-10:00;8,33;33,33;25,00;33,33;0,00;24
USDCAD;10:00-10:30;12,50;29,17;29,17;29,17;0,00;24
USDCAD;10:30-11:00;12,50;29,17;29,17;29,17;0,00;24
USDCAD;11:00-11:30;12,50;29,17;29,17;29,17;0,00;24
USDCAD;11:30-12:00;12,50;29,17;29,17;29,17;0,00;24
USDCAD;12:00-12:30;8,33;37,50;25,00;29,17;0,00;24
USDCAD;12:30-13:00;8,33;37,50;25,00;29,17;0,00;24
USDCAD;13:00-13:30;0,00;41,67;33,33;25,00;0,00;24
USDCAD;13:30-14:00;0,00;41,67;33,33;25,00;0,00;24
USDCAD;14:00-14:30;8,33;29,17;37,50;25,00;0,00;24
USDCAD;14:30-15:00;8,70;26,09;39,13;26,09;0,00;23
USDCAD;15:00-15:30;8,70;30,43;34,78;26,09;0,00;23
USDCAD;15:30-16:00;8,70;30,43;34,78;26,09;0,00;23
USDCAD;16:00-16:30;8,70;30,43;34,78;26,09;0,00;23
USDCAD;16:30-17:00;8,70;30,43;34,78;26,09;0,00;23
USDCAD;17:00-17:30;9,09;31,82;40,91;18,18;0,00;22
USDCAD;17:30-18:00;10,53;36,84;42,11;10,53;0,00;19
USDCAD;18:00-18:30;5,56;38,89;38,89;16,67;0,00;18
USDCAD;18:30-19:00;0,00;41,18;41,18;17,65;0,00;17
USDCAD;TOTAL;8,98;32,04;31,43;27,55;0,00;490
USDCHF;08:00-08:30;0,00;33,33;53,33;13,33;0,00;15
USDCHF;08:30-09:00;4,76;33,33;47,62;14,29;0,00;21
USDCHF;09:00-09:30;4,35;34,78;34,78;26,09;0,00;23
USDCHF;09:30-10:00;4,17;33,33;33,33;29,17;0,00;24
USDCHF;10:00-10:30;4,17;33,33;41,67;20,83;0,00;24
USDCHF;10:30-11:00;4,17;33,33;41,67;20,83;0,00;24
USDCHF;11:00-11:30;4,17;25,00;45,83;25,00;0,00;24
USDCHF;11:30-12:00;4,17;25,00;45,83;25,00;0,00;24
USDCHF;12:00-12:30;8,33;25,00;41,67;25,00;0,00;24
USDCHF;12:30-13:00;8,33;25,00;41,67;25,00;0,00;24
USDCHF;13:00-13:30;4,17;29,17;41,67;25,00;0,00;24
USDCHF;13:30-14:00;4,17;29,17;41,67;25,00;0,00;24
USDCHF;14:00-14:30;0,00;45,83;33,33;20,83;0,00;24
USDCHF;14:30-15:00;0,00;43,48;34,78;21,74;0,00;23
USDCHF;15:00-15:30;0,00;39,13;34,78;26,09;0,00;23
USDCHF;15:30-16:00;0,00;39,13;34,78;26,09;0,00;23
USDCHF;16:00-16:30;4,35;17,39;47,83;30,43;0,00;23
USDCHF;16:30-17:00;4,35;17,39;47,83;30,43;0,00;23
USDCHF;17:00-17:30;0,00;13,64;54,55;31,82;0,00;22
USDCHF;17:30-18:00;0,00;10,53;52,63;36,84;0,00;19
USDCHF;18:00-18:30;0,00;16,67;44,44;38,89;0,00;18
USDCHF;18:30-19:00;0,00;17,65;47,06;35,29;0,00;17
USDCHF;TOTAL;3,06;28,57;42,45;25,92;0,00;490
USDJPY;08:00-08:30;0,00;40,00;46,67;13,33;0,00;15
USDJPY;08:30-09:00;9,52;33,33;42,86;9,52;4,76;21
USDJPY;09:00-09:30;4,35;34,78;47,83;8,70;4,35;23
USDJPY;09:30-10:00;4,17;37,50;45,83;8,33;4,17;24
USDJPY;10:00-10:30;4,17;37,50;41,67;12,50;4,17;24
USDJPY;10:30-11:00;4,17;37,50;41,67;12,50;4,17;24
USDJPY;11:00-11:30;8,33;37,50;33,33;16,67;4,17;24
USDJPY;11:30-12:00;8,33;37,50;33,33;16,67;4,17;24
USDJPY;12:00-12:30;8,33;41,67;20,83;25,00;4,17;24
USDJPY;12:30-13:00;8,33;45,83;16,67;25,00;4,17;24
USDJPY;13:00-13:30;8,33;45,83;20,83;20,83;4,17;24
USDJPY;13:30-14:00;8,33;45,83;20,83;20,83;4,17;24
USDJPY;14:00-14:30;8,33;50,00;16,67;20,83;4,17;24
USDJPY;14:30-15:00;8,70;47,83;17,39;21,74;4,35;23
USDJPY;15:00-15:30;4,35;34,78;30,43;26,09;4,35;23
USDJPY;15:30-16:00;4,35;34,78;30,43;26,09;4,35;23
USDJPY;16:00-16:30;4,35;30,43;30,43;30,43;4,35;23
USDJPY;16:30-17:00;4,35;30,43;30,43;30,43;4,35;23
USDJPY;17:00-17:30;4,55;36,36;13,64;40,91;4,55;22
USDJPY;17:30-18:00;5,26;36,84;15,79;36,84;5,26;19
USDJPY;18:00-18:30;5,56;38,89;16,67;33,33;5,56;18
USDJPY;18:30-19:00;0,00;41,18;17,65;35,29;5,88;17
USDJPY;TOTAL;5,92;38,98;28,78;22,04;4,29;490
US_30;08:00-08:30;6,67;20,00;53,33;13,33;6,67;15
US_30;08:30-09:00;9,52;23,81;47,62;14,29;4,76;21
US_30;09:00-09:30;8,70;21,74;47,83;17,39;4,35;23
US_30;09:30-10:00;8,33;20,83;50,00;16,67;4,17;24
US_30;10:00-10:30;8,33;33,33;33,33;25,00;0,00;24
US_30;10:30-11:00;8,33;33,33;33,33;25,00;0,00;24
US_30;11:00-11:30;16,67;20,83;37,50;25,00;0,00;24
US_30;11:30-12:00;16,67;20,83;37,50;25,00;0,00;24
US_30;12:00-12:30;8,33;29,17;33,33;25,00;4,17;24
US_30;12:30-13:00;8,33;29,17;33,33;25,00;4,17;24
US_30;13:00-13:30;8,33;41,67;20,83;25,00;4,17;24
US_30;13:30-14:00;8,33;41,67;20,83;25,00;4,17;24
US_30;14:00-14:30;12,50;37,50;20,83;25,00;4,17;24
US_30;14:30-15:00;13,04;39,13;17,39;26,09;4,35;23
US_30;15:00-15:30;13,04;34,78;26,09;21,74;4,35;23
US_30;15:30-16:00;13,04;34,78;26,09;21,74;4,35;23
US_30;16:00-16:30;13,04;34,78;26,09;26,09;0,00;23
US_30;16:30-17:00;13,04;34,78;26,09;26,09;0,00;23
US_30;17:00-17:30;9,09;40,91;22,73;27,27;0,00;22
US_30;17:30-18:00;10,53;36,84;21,05;31,58;0,00;19
US_30;18:00-18:30;11,11;33,33;22,22;33,33;0,00;18
US_30;18:30-19:00;11,76;29,41;23,53;35,29;0,00;17
US_30;TOTAL;10,82;31,63;30,82;24,29;2,45;490
US_500;08:00-08:30;6,67;20,00;33,33;33,33;6,67;15
US_500;08:30-09:00;9,52;23,81;33,33;28,57;4,76;21
US_500;09:00-09:30;4,35;17,39;52,17;21,74;4,35;23
US_500;09:30-10:00;4,17;16,67;54,17;20,83;4,17;24
US_500;10:00-10:30;4,17;20,83;54,17;16,67;4,17;24
US_500;10:30-11:00;4,17;20,83;54,17;16,67;4,17;24
US_500;11:00-11:30;4,17;29,17;45,83;16,67;4,17;24
US_500;11:30-12:00;4,17;29,17;45,83;16,67;4,17;24
US_500;12:00-12:30;0,00;33,33;50,00;12,50;4,17;24
US_500;12:30-13:00;0,00;33,33;50,00;12,50;4,17;24
US_500;13:00-13:30;4,17;37,50;41,67;12,50;4,17;24
US_500;13:30-14:00;4,17;37,50;41,67;12,50;4,17;24
US_500;14:00-14:30;0,00;33,33;45,83;16,67;4,17;24
US_500;14:30-15:00;0,00;30,43;47,83;17,39;4,35;23
US_500;15:00-15:30;0,00;39,13;47,83;13,04;0,00;23
US_500;15:30-16:00;0,00;39,13;47,83;13,04;0,00;23
US_500;16:00-16:30;4,35;39,13;43,48;13,04;0,00;23
US_500;16:30-17:00;4,35;39,13;43,48;13,04;0,00;23
US_500;17:00-17:30;0,00;40,91;36,36;22,73;0,00;22
US_500;17:30-18:00;0,00;47,37;36,84;15,79;0,00;19
US_500;18:00-18:30;0,00;50,00;22,22;27,78;0,00;18
US_500;18:30-19:00;0,00;47,06;23,53;29,41;0,00;17
US_500;TOTAL;2,65;32,65;44,08;17,76;2,86;490
US_TECH100;08:00-08:30;13,33;13,33;26,67;40,00;6,67;15
US_TECH100;08:30-09:00;14,29;14,29;23,81;42,86;4,76;21
US_TECH100;09:00-09:30;4,35;26,09;30,43;34,78;4,35;23
US_TECH100;09:30-10:00;4,17;25,00;29,17;37,50;4,17;24
US_TECH100;10:00-10:30;4,17;25,00;33,33;33,33;4,17;24
US_TECH100;10:30-11:00;4,17;25,00;33,33;33,33;4,17;24
US_TECH100;11:00-11:30;4,17;25,00;33,33;33,33;4,17;24
US_TECH100;11:30-12:00;4,17;25,00;33,33;33,33;4,17;24
US_TECH100;12:00-12:30;0,00;25,00;41,67;29,17;4,17;24
US_TECH100;12:30-13:00;0,00;29,17;37,50;29,17;4,17;24
US_TECH100;13:00-13:30;0,00;25,00;45,83;20,83;8,33;24
US_TECH100;13:30-14:00;0,00;25,00;45,83;20,83;8,33;24
US_TECH100;14:00-14:30;0,00;16,67;58,33;16,67;8,33;24
US_TECH100;14:30-15:00;0,00;13,04;60,87;17,39;8,70;23
US_TECH100;15:00-15:30;0,00;13,04;56,52;21,74;8,70;23
US_TECH100;15:30-16:00;0,00;13,04;56,52;21,74;8,70;23
US_TECH100;16:00-16:30;0,00;17,39;47,83;26,09;8,70;23
US_TECH100;16:30-17:00;0,00;17,39;47,83;26,09;8,70;23
US_TECH100;17:00-17:30;0,00;13,64;45,45;36,36;4,55;22
US_TECH100;17:30-18:00;0,00;15,79;47,37;36,84;0,00;19
US_TECH100;18:00-18:30;0,00;22,22;33,33;44,44;0,00;18
US_TECH100;18:30-19:00;0,00;23,53;29,41;47,06;0,00;17
US_TECH100;TOTAL;2,24;20,61;41,22;30,41;5,51;490
