Actif;Creneau;VERTICAL_DOWN %;STEEP_DOWN %;MILD_DOWN %;FLAT %;MILD_UP %;STEEP_UP %;VERTICAL_UP %;n
AUDUSD;08:00-08:30;20,00;6,67;6,67;20,00;0,00;13,33;33,33;15
AUDUSD;08:30-09:00;14,29;9,52;14,29;19,05;4,76;9,52;28,57;21
AUDUSD;09:00-09:30;13,04;13,04;4,35;26,09;0,00;21,74;21,74;23
AUDUSD;09:30-10:00;16,67;8,33;12,50;20,83;0,00;20,83;20,83;24
AUDUSD;10:00-10:30;16,67;4,17;8,33;25,00;16,67;8,33;20,83;24
AUDUSD;10:30-11:00;12,50;8,33;12,50;12,50;29,17;4,17;20,83;24
AUDUSD;11:00-11:30;12,50;4,17;20,83;12,50;25,00;8,33;16,67;24
AUDUSD;11:30-12:00;12,50;4,17;12,50;29,17;12,50;8,33;20,83;24
AUDUSD;12:00-12:30;8,33;8,33;8,33;41,67;8,33;4,17;20,83;24
AUDUSD;12:30-13:00;8,33;12,50;12,50;29,17;4,17;20,83;12,50;24
AUDUSD;13:00-13:30;8,33;12,50;12,50;25,00;16,67;12,50;12,50;24
AUDUSD;13:30-14:00;4,17;16,67;20,83;25,00;8,33;8,33;16,67;24
AUDUSD;14:00-14:30;4,17;20,83;12,50;20,83;8,33;12,50;20,83;24
AUDUSD;14:30-15:00;4,35;21,74;8,70;34,78;0,00;13,04;17,39;23
AUDUSD;15:00-15:30;4,35;17,39;13,04;21,74;8,70;17,39;17,39;23
AUDUSD;15:30-16:00;4,35;13,04;17,39;17,39;13,04;17,39;17,39;23
AUDUSD;16:00-16:30;4,35;17,39;8,70;26,09;8,70;17,39;17,39;23
AUDUSD;16:30-17:00;4,35;21,74;8,70;21,74;8,70;17,39;17,39;23
AUDUSD;17:00-17:30;4,55;22,73;13,64;9,09;13,64;22,73;13,64;22
AUDUSD;17:30-18:00;5,26;15,79;26,32;10,53;15,79;5,26;21,05;19
AUDUSD;18:00-18:30;0,00;22,22;16,67;27,78;11,11;5,56;16,67;18
AUDUSD;18:30-19:00;0,00;17,65;11,76;29,41;17,65;11,76;11,76;17
AUDUSD;TOTAL;8,37;13,47;12,86;23,06;10,61;12,86;18,78;490
BRENT_OIL;08:00-08:30;13,33;6,67;6,67;20,00;6,67;6,67;40,00;15
BRENT_OIL;08:30-09:00;28,57;9,52;4,76;14,29;9,52;4,76;28,57;21
BRENT_OIL;09:00-09:30;34,78;4,35;0,00;13,04;4,35;17,39;26,09;23
BRENT_OIL;09:30-10:00;25,00;8,33;4,17;8,33;8,33;16,67;29,17;24
BRENT_OIL;10:00-10:30;25,00;4,17;4,17;12,50;8,33;25,00;20,83;24
BRENT_OIL;10:30-11:00;20,83;8,33;8,33;8,33;12,50;12,50;29,17;24
BRENT_OIL;11:00-11:30;20,83;8,33;8,33;12,50;12,50;8,33;29,17;24
BRENT_OIL;11:30-12:00;16,67;12,50;8,33;12,50;4,17;12,50;33,33;24
BRENT_OIL;12:00-12:30;12,50;16,67;0,00;16,67;8,33;16,67;29,17;24
BRENT_OIL;12:30-13:00;16,67;8,33;0,00;20,83;12,50;12,50;29,17;24
BRENT_OIL;13:00-13:30;20,83;4,17;4,17;8,33;16,67;12,50;33,33;24
BRENT_OIL;13:30-14:00;16,67;8,33;8,33;12,50;8,33;12,50;33,33;24
BRENT_OIL;14:00-14:30;20,83;8,33;8,33;4,17;8,33;16,67;33,33;24
BRENT_OIL;14:30-15:00;17,39;8,70;8,70;4,35;13,04;17,39;30,43;23
BRENT_OIL;15:00-15:30;21,74;4,35;8,70;17,39;4,35;13,04;30,43;23
BRENT_OIL;15:30-16:00;17,39;8,70;17,39;4,35;4,35;13,04;34,78;23
BRENT_OIL;16:00-16:30;17,39;8,70;4,35;17,39;8,70;8,70;34,78;23
BRENT_OIL;16:30-17:00;17,39;4,35;13,04;17,39;0,00;13,04;34,78;23
BRENT_OIL;17:00-17:30;18,18;9,09;9,09;13,64;4,55;9,09;36,36;22
BRENT_OIL;17:30-18:00;15,79;15,79;10,53;5,26;10,53;5,26;36,84;19
BRENT_OIL;18:00-18:30;16,67;11,11;11,11;11,11;0,00;11,11;38,89;18
BRENT_OIL;18:30-19:00;11,76;11,76;11,76;11,76;0,00;11,76;41,18;17
BRENT_OIL;TOTAL;19,59;8,57;7,14;12,04;7,76;12,86;32,04;490
BTCUSD;08:00-08:30;26,67;20,00;0,00;6,67;13,33;26,67;6,67;15
BTCUSD;08:30-09:00;28,57;14,29;4,76;4,76;9,52;28,57;9,52;21
BTCUSD;09:00-09:30;26,09;13,04;13,04;8,70;4,35;26,09;8,70;23
BTCUSD;09:30-10:00;25,00;25,00;0,00;8,33;8,33;16,67;16,67;24
BTCUSD;10:00-10:30;20,83;29,17;0,00;12,50;8,33;16,67;12,50;24
BTCUSD;10:30-11:00;20,83;25,00;4,17;12,50;0,00;25,00;12,50;24
BTCUSD;11:00-11:30;12,50;33,33;8,33;8,33;0,00;25,00;12,50;24
BTCUSD;11:30-12:00;16,67;20,83;12,50;8,33;4,17;20,83;16,67;24
BTCUSD;12:00-12:30;16,67;16,67;16,67;12,50;0,00;16,67;20,83;24
BTCUSD;12:30-13:00;20,83;16,67;8,33;16,67;12,50;8,33;16,67;24
BTCUSD;13:00-13:30;29,17;20,83;0,00;8,33;12,50;12,50;16,67;24
BTCUSD;13:30-14:00;29,17;12,50;8,33;12,50;0,00;16,67;20,83;24
BTCUSD;14:00-14:30;20,83;20,83;8,33;8,33;12,50;12,50;16,67;24
BTCUSD;14:30-15:00;17,39;17,39;13,04;13,04;4,35;21,74;13,04;23
BTCUSD;15:00-15:30;17,39;13,04;13,04;17,39;8,70;13,04;17,39;23
BTCUSD;15:30-16:00;17,39;8,70;4,35;21,74;13,04;17,39;17,39;23
BTCUSD;16:00-16:30;17,39;4,35;8,70;30,43;4,35;17,39;17,39;23
BTCUSD;16:30-17:00;17,39;0,00;13,04;21,74;13,04;17,39;17,39;23
BTCUSD;17:00-17:30;13,64;4,55;13,64;22,73;4,55;27,27;13,64;22
BTCUSD;17:30-18:00;15,79;5,26;10,53;21,05;0,00;31,58;15,79;19
BTCUSD;18:00-18:30;11,11;11,11;11,11;22,22;0,00;33,33;11,11;18
BTCUSD;18:30-19:00;5,88;17,65;17,65;11,76;17,65;23,53;5,88;17
BTCUSD;TOTAL;19,59;16,12;8,57;14,08;6,73;20,20;14,69;490
COCOA;08:00-08:30;20,00;13,33;6,67;6,67;6,67;13,33;33,33;15
COCOA;08:30-09:00;19,05;19,05;0,00;28,57;4,76;14,29;14,29;21
COCOA;09:00-09:30;21,74;13,04;17,39;0,00;17,39;13,04;17,39;23
COCOA;09:30-10:00;16,67;25,00;8,33;20,83;0,00;12,50;16,67;24
COCOA;10:00-10:30;16,67;33,33;12,50;4,17;4,17;12,50;16,67;24
COCOA;10:30-11:00;16,67;29,17;8,33;12,50;0,00;12,50;20,83;24
COCOA;11:00-11:30;25,00;16,67;8,33;16,67;0,00;16,67;16,67;24
COCOA;11:30-12:00;25,00;25,00;4,17;16,67;4,17;4,17;20,83;24
COCOA;12:00-12:30;16,67;25,00;12,50;16,67;4,17;4,17;20,83;24
COCOA;12:30-13:00;25,00;20,83;16,67;8,33;0,00;8,33;20,83;24
COCOA;13:00-13:30;25,00;16,67;12,50;16,67;4,17;4,17;20,83;24
COCOA;13:30-14:00;20,83;16,67;20,83;12,50;0,00;8,33;20,83;24
COCOA;14:00-14:30;29,17;8,33;12,50;12,50;8,33;8,33;20,83;24
COCOA;14:30-15:00;26,09;21,74;4,35;8,70;8,70;17,39;13,04;23
COCOA;15:00-15:30;17,39;17,39;13,04;8,70;13,04;13,04;17,39;23
COCOA;15:30-16:00;17,39;13,04;4,35;17,39;17,39;8,70;21,74;23
COCOA;16:00-16:30;17,39;4,35;13,04;17,39;13,04;13,04;21,74;23
COCOA;16:30-17:00;17,39;4,35;13,04;17,39;13,04;13,04;21,74;23
COCOA;17:00-17:30;18,18;4,55;13,64;18,18;13,64;13,64;18,18;22
COCOA;17:30-18:00;15,79;10,53;15,79;15,79;10,53;21,05;10,53;19
COCOA;18:00-18:30;16,67;11,11;11,11;16,67;11,11;22,22;11,11;18
COCOA;18:30-19:00;17,65;11,76;11,76;11,76;11,76;29,41;5,88;17
COCOA;TOTAL;20,20;16,73;11,02;13,88;7,35;12,45;18,37;490
CrudeOIL;08:00-08:30;20,00;6,67;6,67;13,33;6,67;13,33;33,33;15
CrudeOIL;08:30-09:00;33,33;4,76;4,76;19,05;0,00;14,29;23,81;21
CrudeOIL;09:00-09:30;34,78;4,35;8,70;13,04;4,35;13,04;21,74;23
CrudeOIL;09:30-10:00;25,00;12,50;0,00;12,50;12,50;4,17;33,33;24
CrudeOIL;10:00-10:30;20,83;12,50;0,00;16,67;8,33;16,67;25,00;24
CrudeOIL;10:30-11:00;20,83;12,50;0,00;16,67;4,17;20,83;25,00;24
CrudeOIL;11:00-11:30;16,67;16,67;0,00;16,67;12,50;8,33;29,17;24
CrudeOIL;11:30-12:00;20,83;8,33;12,50;12,50;4,17;12,50;29,17;24
CrudeOIL;12:00-12:30;12,50;12,50;4,17;20,83;16,67;4,17;29,17;24
CrudeOIL;12:30-13:00;16,67;4,17;8,33;25,00;8,33;12,50;25,00;24
CrudeOIL;13:00-13:30;16,67;8,33;8,33;12,50;4,17;16,67;33,33;24
CrudeOIL;13:30-14:00;16,67;4,17;12,50;16,67;8,33;12,50;29,17;24
CrudeOIL;14:00-14:30;16,67;8,33;8,33;12,50;4,17;16,67;33,33;24
CrudeOIL;14:30-15:00;17,39;13,04;4,35;13,04;8,70;13,04;30,43;23
CrudeOIL;15:00-15:30;26,09;8,70;8,70;13,04;0,00;13,04;30,43;23
CrudeOIL;15:30-16:00;21,74;13,04;8,70;4,35;4,35;17,39;30,43;23
CrudeOIL;16:00-16:30;21,74;13,04;4,35;13,04;8,70;4,35;34,78;23
CrudeOIL;16:30-17:00;21,74;8,70;8,70;17,39;4,35;4,35;34,78;23
CrudeOIL;17:00-17:30;22,73;13,64;9,09;4,55;9,09;4,55;36,36;22
CrudeOIL;17:30-18:00;31,58;10,53;0,00;10,53;5,26;5,26;36,84;19
CrudeOIL;18:00-18:30;22,22;16,67;5,56;5,56;5,56;11,11;33,33;18
CrudeOIL;18:30-19:00;17,65;11,76;11,76;5,88;0,00;17,65;35,29;17
CrudeOIL;TOTAL;21,43;10,20;6,12;13,67;6,53;11,63;30,41;490
ETHUSD;08:00-08:30;20,00;20,00;13,33;13,33;20,00;6,67;6,67;15
ETHUSD;08:30-09:00;19,05;4,76;28,57;4,76;19,05;14,29;9,52;21
ETHUSD;09:00-09:30;17,39;8,70;13,04;26,09;17,39;8,70;8,70;23
ETHUSD;09:30-10:00;12,50;20,83;12,50;12,50;25,00;4,17;12,50;24
ETHUSD;10:00-10:30;8,33;29,17;0,00;20,83;25,00;0,00;16,67;24
ETHUSD;10:30-11:00;4,17;20,83;16,67;29,17;8,33;8,33;12,50;24
ETHUSD;11:00-11:30;4,17;29,17;4,17;37,50;4,17;8,33;12,50;24
ETHUSD;11:30-12:00;4,17;25,00;8,33;33,33;4,17;12,50;12,50;24
ETHUSD;12:00-12:30;4,17;20,83;16,67;29,17;4,17;16,67;8,33;24
ETHUSD;12:30-13:00;12,50;20,83;8,33;29,17;4,17;16,67;8,33;24
ETHUSD;13:00-13:30;12,50;20,83;8,33;29,17;4,17;4,17;20,83;24
ETHUSD;13:30-14:00;4,17;33,33;12,50;12,50;8,33;12,50;16,67;24
ETHUSD;14:00-14:30;4,17;37,50;8,33;16,67;4,17;16,67;12,50;24
ETHUSD;14:30-15:00;4,35;34,78;4,35;26,09;0,00;21,74;8,70;23
ETHUSD;15:00-15:30;8,70;26,09;4,35;17,39;17,39;8,70;17,39;23
ETHUSD;15:30-16:00;8,70;26,09;0,00;21,74;4,35;26,09;13,04;23
ETHUSD;16:00-16:30;4,35;26,09;4,35;21,74;8,70;21,74;13,04;23
ETHUSD;16:30-17:00;0,00;30,43;4,35;17,39;13,04;21,74;13,04;23
ETHUSD;17:00-17:30;0,00;27,27;9,09;13,64;13,64;18,18;18,18;22
ETHUSD;17:30-18:00;0,00;21,05;0,00;36,84;5,26;15,79;21,05;19
ETHUSD;18:00-18:30;0,00;22,22;11,11;22,22;11,11;22,22;11,11;18
ETHUSD;18:30-19:00;0,00;23,53;11,76;23,53;17,65;17,65;5,88;17
ETHUSD;TOTAL;6,94;24,29;8,98;22,65;10,61;13,67;12,86;490
EURUSD;08:00-08:30;6,67;13,33;13,33;6,67;26,67;20,00;13,33;15
EURUSD;08:30-09:00;4,76;14,29;0,00;33,33;19,05;19,05;9,52;21
EURUSD;09:00-09:30;4,35;8,70;8,70;34,78;17,39;13,04;13,04;23
EURUSD;09:30-10:00;8,33;12,50;12,50;29,17;12,50;16,67;8,33;24
EURUSD;10:00-10:30;4,17;25,00;0,00;25,00;16,67;20,83;8,33;24
EURUSD;10:30-11:00;0,00;16,67;20,83;25,00;20,83;4,17;12,50;24
EURUSD;11:00-11:30;0,00;20,83;8,33;41,67;8,33;8,33;12,50;24
EURUSD;11:30-12:00;8,33;16,67;16,67;25,00;12,50;12,50;8,33;24
EURUSD;12:00-12:30;8,33;8,33;25,00;20,83;16,67;20,83;0,00;24
EURUSD;12:30-13:00;4,17;20,83;8,33;41,67;4,17;16,67;4,17;24
EURUSD;13:00-13:30;8,33;16,67;20,83;20,83;12,50;12,50;8,33;24
EURUSD;13:30-14:00;4,17;20,83;12,50;25,00;12,50;12,50;12,50;24
EURUSD;14:00-14:30;4,17;16,67;16,67;16,67;20,83;12,50;12,50;24
EURUSD;14:30-15:00;4,35;21,74;8,70;21,74;17,39;8,70;17,39;23
EURUSD;15:00-15:30;4,35;21,74;4,35;30,43;13,04;8,70;17,39;23
EURUSD;15:30-16:00;4,35;17,39;13,04;26,09;17,39;4,35;17,39;23
EURUSD;16:00-16:30;4,35;13,04;13,04;30,43;17,39;4,35;17,39;23
EURUSD;16:30-17:00;4,35;13,04;13,04;30,43;17,39;4,35;17,39;23
EURUSD;17:00-17:30;4,55;13,64;22,73;13,64;9,09;22,73;13,64;22
EURUSD;17:30-18:00;0,00;26,32;21,05;5,26;10,53;10,53;26,32;19
EURUSD;18:00-18:30;0,00;22,22;27,78;5,56;11,11;16,67;16,67;18
EURUSD;18:30-19:00;0,00;23,53;23,53;5,88;11,76;23,53;11,76;17
EURUSD;TOTAL;4,29;17,35;13,88;24,29;14,69;13,06;12,45;490
GASOLINE;08:00-08:30;20,00;13,33;13,33;6,67;6,67;26,67;13,33;15
GASOLINE;08:30-09:00;23,81;19,05;0,00;23,81;0,00;19,05;14,29;21
GASOLINE;09:00-09:30;17,39;8,70;21,74;17,39;0,00;17,39;17,39;23
GASOLINE;09:30-10:00;16,67;8,33;8,33;16,67;8,33;16,67;25,00;24
GASOLINE;10:00-10:30;16,67;8,33;0,00;20,83;4,17;29,17;20,83;24
GASOLINE;10:30-11:00;16,67;12,50;0,00;12,50;8,33;25,00;25,00;24
GASOLINE;11:00-11:30;20,83;0,00;4,17;12,50;16,67;33,33;12,50;24
GASOLINE;11:30-12:00;20,83;0,00;4,17;12,50;20,83;16,67;25,00;24
GASOLINE;12:00-12:30;16,67;4,17;4,17;20,83;4,17;33,33;16,67;24
GASOLINE;12:30-13:00;20,83;4,17;4,17;16,67;4,17;20,83;29,17;24
GASOLINE;13:00-13:30;20,83;4,17;0,00;20,83;4,17;8,33;41,67;24
GASOLINE;13:30-14:00;29,17;0,00;0,00;8,33;12,50;20,83;29,17;24
GASOLINE;14:00-14:30;29,17;0,00;0,00;8,33;12,50;25,00;25,00;24
GASOLINE;14:30-15:00;26,09;0,00;0,00;13,04;8,70;26,09;26,09;23
GASOLINE;15:00-15:30;21,74;8,70;0,00;4,35;8,70;26,09;30,43;23
GASOLINE;15:30-16:00;26,09;4,35;0,00;8,70;8,70;13,04;39,13;23
GASOLINE;16:00-16:30;21,74;8,70;0,00;8,70;4,35;17,39;39,13;23
GASOLINE;16:30-17:00;26,09;4,35;4,35;8,70;4,35;13,04;39,13;23
GASOLINE;17:00-17:30;13,64;18,18;4,55;4,55;4,55;27,27;27,27;22
GASOLINE;17:30-18:00;21,05;15,79;0,00;5,26;10,53;15,79;31,58;19
GASOLINE;18:00-18:30;22,22;5,56;11,11;5,56;11,11;0,00;44,44;18
GASOLINE;18:30-19:00;11,76;23,53;5,88;5,88;11,76;5,88;35,29;17
GASOLINE;TOTAL;21,02;7,35;3,67;12,24;7,96;20,20;27,55;490
GBPUSD;08:00-08:30;13,33;6,67;13,33;20,00;20,00;13,33;13,33;15
GBPUSD;08:30-09:00;4,76;19,05;9,52;28,57;4,76;28,57;4,76;21
GBPUSD;09:00-09:30;8,70;8,70;17,39;30,43;4,35;21,74;8,70;23
GBPUSD;09:30-10:00;8,33;16,67;12,50;25,00;12,50;16,67;8,33;24
GBPUSD;10:00-10:30;8,33;12,50;20,83;20,83;8,33;25,00;4,17;24
GBPUSD;10:30-11:00;12,50;4,17;25,00;20,83;8,33;25,00;4,17;24
GBPUSD;11:00-11:30;12,50;12,50;16,67;20,83;16,67;12,50;8,33;24
GBPUSD;11:30-12:00;8,33;16,67;16,67;16,67;12,50;20,83;8,33;24
GBPUSD;12:00-12:30;20,83;4,17;8,33;33,33;12,50;16,67;4,17;24
GBPUSD;12:30-13:00;16,67;12,50;16,67;20,83;12,50;12,50;8,33;24
GBPUSD;13:00-13:30;16,67;8,33;4,17;37,50;16,67;4,17;12,50;24
GBPUSD;13:30-14:00;12,50;16,67;0,00;29,17;16,67;4,17;20,83;24
GBPUSD;14:00-14:30;12,50;12,50;4,17;29,17;12,50;8,33;20,83;24
GBPUSD;14:30-15:00;17,39;4,35;8,70;30,43;4,35;13,04;21,74;23
GBPUSD;15:00-15:30;17,39;8,70;4,35;26,09;17,39;4,35;21,74;23
GBPUSD;15:30-16:00;17,39;13,04;0,00;21,74;21,74;8,70;17,39;23
GBPUSD;16:00-16:30;13,04;17,39;4,35;17,39;13,04;17,39;17,39;23
GBPUSD;16:30-17:00;13,04;21,74;0,00;17,39;17,39;13,04;17,39;23
GBPUSD;17:00-17:30;13,64;18,18;9,09;18,18;9,09;9,09;22,73;22
GBPUSD;17:30-18:00;15,79;10,53;15,79;10,53;10,53;15,79;21,05;19
GBPUSD;18:00-18:30;16,67;11,11;11,11;16,67;5,56;16,67;22,22;18
GBPUSD;18:30-19:00;17,65;17,65;5,88;17,65;5,88;5,88;29,41;17
GBPUSD;TOTAL;13,47;12,45;10,20;23,47;12,04;14,29;14,08;490
GERMANY_40;08:00-08:30;26,67;13,33;0,00;13,33;6,67;20,00;20,00;15
GERMANY_40;08:30-09:00;19,05;14,29;4,76;19,05;14,29;9,52;19,05;21
GERMANY_40;09:00-09:30;17,39;13,04;4,35;17,39;8,70;13,04;26,09;23
GERMANY_40;09:30-10:00;25,00;12,50;0,00;16,67;12,50;12,50;20,83;24
GERMANY_40;10:00-10:30;20,83;12,50;4,17;20,83;16,67;0,00;25,00;24
GERMANY_40;10:30-11:00;16,67;16,67;8,33;16,67;16,67;4,17;20,83;24
GERMANY_40;11:00-11:30;20,83;20,83;4,17;25,00;0,00;8,33;20,83;24
GERMANY_40;11:30-12:00;16,67;12,50;20,83;12,50;12,50;4,17;20,83;24
GERMANY_40;12:00-12:30;12,50;12,50;20,83;20,83;8,33;8,33;16,67;24
GERMANY_40;12:30-13:00;12,50;16,67;25,00;8,33;8,33;8,33;20,83;24
GERMANY_40;13:00-13:30;12,50;29,17;4,17;8,33;12,50;20,83;12,50;24
GERMANY_40;13:30-14:00;16,67;12,50;16,67;12,50;4,17;20,83;16,67;24
GERMANY_40;14:00-14:30;16,67;8,33;16,67;16,67;4,17;20,83;16,67;24
GERMANY_40;14:30-15:00;17,39;8,70;26,09;4,35;8,70;26,09;8,70;23
GERMANY_40;15:00-15:30;13,04;13,04;4,35;30,43;4,35;21,74;13,04;23
GERMANY_40;15:30-16:00;13,04;13,04;8,70;17,39;13,04;21,74;13,04;23
GERMANY_40;16:00-16:30;13,04;17,39;4,35;17,39;13,04;21,74;13,04;23
GERMANY_40;16:30-17:00;13,04;13,04;13,04;17,39;8,70;21,74;13,04;23
GERMANY_40;17:00-17:30;13,64;4,55;18,18;13,64;13,64;18,18;18,18;22
GERMANY_40;17:30-18:00;15,79;5,26;21,05;15,79;15,79;15,79;10,53;19
GERMANY_40;18:00-18:30;16,67;5,56;16,67;22,22;22,22;11,11;5,56;18
GERMANY_40;18:30-19:00;17,65;11,76;5,88;23,53;23,53;11,76;5,88;17
GERMANY_40;TOTAL;16,53;13,27;11,43;16,73;11,02;14,49;16,53;490
GOLD;08:00-08:30;33,33;6,67;0,00;6,67;6,67;13,33;33,33;15
GOLD;08:30-09:00;42,86;0,00;0,00;9,52;4,76;14,29;28,57;21
GOLD;09:00-09:30;34,78;13,04;0,00;8,70;8,70;8,70;26,09;23
GOLD;09:30-10:00;33,33;16,67;0,00;4,17;8,33;12,50;25,00;24
GOLD;10:00-10:30;29,17;16,67;4,17;4,17;8,33;12,50;25,00;24
GOLD;10:30-11:00;29,17;12,50;8,33;4,17;8,33;16,67;20,83;24
GOLD;11:00-11:30;25,00;16,67;0,00;4,17;12,50;20,83;20,83;24
GOLD;11:30-12:00;20,83;16,67;4,17;8,33;8,33;12,50;29,17;24
GOLD;12:00-12:30;20,83;16,67;4,17;16,67;4,17;12,50;25,00;24
GOLD;12:30-13:00;16,67;25,00;4,17;8,33;4,17;16,67;25,00;24
GOLD;13:00-13:30;20,83;16,67;8,33;12,50;8,33;4,17;29,17;24
GOLD;13:30-14:00;25,00;16,67;0,00;4,17;12,50;12,50;29,17;24
GOLD;14:00-14:30;29,17;12,50;0,00;12,50;12,50;0,00;33,33;24
GOLD;14:30-15:00;30,43;13,04;0,00;4,35;17,39;4,35;30,43;23
GOLD;15:00-15:30;26,09;13,04;8,70;4,35;8,70;8,70;30,43;23
GOLD;15:30-16:00;21,74;13,04;13,04;4,35;4,35;13,04;30,43;23
GOLD;16:00-16:30;26,09;8,70;17,39;0,00;4,35;13,04;30,43;23
GOLD;16:30-17:00;17,39;21,74;8,70;4,35;8,70;8,70;30,43;23
GOLD;17:00-17:30;13,64;22,73;4,55;4,55;18,18;4,55;31,82;22
GOLD;17:30-18:00;26,32;10,53;10,53;0,00;10,53;10,53;31,58;19
GOLD;18:00-18:30;27,78;11,11;11,11;0,00;11,11;5,56;33,33;18
GOLD;18:30-19:00;29,41;11,76;11,76;5,88;11,76;0,00;29,41;17
GOLD;TOTAL;26,12;14,49;5,31;6,12;9,18;10,41;28,37;490
SILVER;08:00-08:30;26,67;6,67;6,67;6,67;0,00;13,33;40,00;15
SILVER;08:30-09:00;33,33;9,52;4,76;4,76;0,00;9,52;38,10;21
SILVER;09:00-09:30;26,09;26,09;0,00;4,35;4,35;4,35;34,78;23
SILVER;09:30-10:00;29,17;25,00;0,00;4,17;0,00;16,67;25,00;24
SILVER;10:00-10:30;33,33;16,67;0,00;8,33;0,00;16,67;25,00;24
SILVER;10:30-11:00;37,50;12,50;4,17;4,17;4,17;12,50;25,00;24
SILVER;11:00-11:30;29,17;16,67;0,00;8,33;0,00;25,00;20,83;24
SILVER;11:30-12:00;16,67;29,17;4,17;4,17;0,00;25,00;20,83;24
SILVER;12:00-12:30;29,17;8,33;12,50;12,50;0,00;20,83;16,67;24
SILVER;12:30-13:00;20,83;12,50;8,33;20,83;4,17;8,33;25,00;24
SILVER;13:00-13:30;25,00;16,67;12,50;4,17;0,00;16,67;25,00;24
SILVER;13:30-14:00;25,00;16,67;8,33;4,17;4,17;0,00;41,67;24
SILVER;14:00-14:30;29,17;12,50;4,17;8,33;4,17;4,17;37,50;24
SILVER;14:30-15:00;30,43;17,39;4,35;8,70;0,00;0,00;39,13;23
SILVER;15:00-15:30;34,78;8,70;8,70;0,00;8,70;0,00;39,13;23
SILVER;15:30-16:00;39,13;4,35;4,35;4,35;4,35;4,35;39,13;23
SILVER;16:00-16:30;30,43;13,04;0,00;8,70;0,00;8,70;39,13;23
SILVER;16:30-17:00;30,43;13,04;4,35;0,00;0,00;13,04;39,13;23
SILVER;17:00-17:30;31,82;9,09;4,55;0,00;0,00;13,64;40,91;22
SILVER;17:30-18:00;36,84;10,53;5,26;0,00;0,00;15,79;31,58;19
SILVER;18:00-18:30;33,33;11,11;11,11;0,00;0,00;16,67;27,78;18
SILVER;18:30-19:00;41,18;11,76;5,88;0,00;0,00;23,53;17,65;17
SILVER;TOTAL;30,20;14,29;5,10;5,51;1,63;12,04;31,22;490
UK_100;08:00-08:30;13,33;13,33;13,33;6,67;0,00;13,33;40,00;15
UK_100;08:30-09:00;19,05;4,76;4,76;19,05;0,00;14,29;38,10;21
UK_100;09:00-09:30;21,74;4,35;4,35;13,04;4,35;21,74;30,43;23
UK_100;09:30-10:00;12,50;12,50;4,17;20,83;8,33;8,33;33,33;24
UK_100;10:00-10:30;16,67;4,17;12,50;16,67;8,33;12,50;29,17;24
UK_100;10:30-11:00;16,67;4,17;8,33;25,00;8,33;8,33;29,17;24
UK_100;11:00-11:30;16,67;0,00;4,17;33,33;0,00;12,50;33,33;24
UK_100;11:30-12:00;12,50;4,17;8,33;20,83;12,50;12,50;29,17;24
UK_100;12:00-12:30;12,50;8,33;16,67;8,33;8,33;12,50;33,33;24
UK_100;12:30-13:00;16,67;8,33;0,00;25,00;12,50;8,33;29,17;24
UK_100;13:00-13:30;16,67;4,17;12,50;12,50;8,33;20,83;25,00;24
UK_100;13:30-14:00;8,33;8,33;12,50;12,50;4,17;20,83;33,33;24
UK_100;14:00-14:30;8,33;8,33;12,50;16,67;4,17;25,00;25,00;24
UK_100;14:30-15:00;8,70;13,04;13,04;13,04;8,70;21,74;21,74;23
UK_100;15:00-15:30;8,70;4,35;4,35;34,78;4,35;21,74;21,74;23
UK_100;15:30-16:00;4,35;8,70;8,70;34,78;8,70;4,35;30,43;23
UK_100;16:00-16:30;4,35;13,04;13,04;26,09;13,04;0,00;30,43;23
UK_100;16:30-17:00;4,35;13,04;13,04;34,78;4,35;0,00;30,43;23
UK_100;17:00-17:30;4,55;9,09;22,73;22,73;9,09;0,00;31,82;22
UK_100;17:30-18:00;10,53;5,26;21,05;21,05;5,26;5,26;31,58;19
UK_100;18:00-18:30;11,11;5,56;16,67;27,78;5,56;0,00;33,33;18
UK_100;18:30-19:00;11,76;11,76;0,00;35,29;5,88;5,88;29,41;17
UK_100;TOTAL;11,84;7,55;10,20;21,84;6,73;11,63;30,20;490
USDCAD;08:00-08:30;20,00;33,33;13,33;6,67;0,00;6,67;20,00;15
USDCAD;08:30-09:00;14,29;23,81;14,29;14,29;9,52;4,76;19,05;21
USDCAD;09:00-09:30;17,39;21,74;13,04;8,70;8,70;17,39;13,04;23
USDCAD;09:30-10:00;16,67;8,33;25,00;12,50;12,50;12,50;12,50;24
USDCAD;10:00-10:30;12,50;20,83;8,33;25,00;12,50;12,50;8,33;24
USDCAD;10:30-11:00;12,50;12,50;8,33;33,33;16,67;16,67;0,00;24
USDCAD;11:00-11:30;12,50;16,67;16,67;20,83;8,33;20,83;4,17;24
USDCAD;11:30-12:00;8,33;20,83;20,83;8,33;12,50;25,00;4,17;24
USDCAD;12:00-12:30;8,33;29,17;8,33;16,67;8,33;25,00;4,17;24
USDCAD;12:30-13:00;12,50;25,00;4,17;8,33;8,33;29,17;12,50;24
USDCAD;13:00-13:30;16,67;16,67;8,33;12,50;20,83;16,67;8,33;24
USDCAD;13:30-14:00;16,67;25,00;4,17;12,50;8,33;33,33;0,00;24
USDCAD;14:00-14:30;20,83;20,83;8,33;25,00;4,17;16,67;4,17;24
USDCAD;14:30-15:00;13,04;39,13;0,00;26,09;0,00;17,39;4,35;23
USDCAD;15:00-15:30;13,04;34,78;4,35;21,74;4,35;17,39;4,35;23
USDCAD;15:30-16:00;21,74;21,74;4,35;26,09;8,70;13,04;4,35;23
USDCAD;16:00-16:30;26,09;17,39;8,70;17,39;13,04;13,04;4,35;23
USDCAD;16:30-17:00;26,09;8,70;13,04;21,74;17,39;8,70;4,35;23
USDCAD;17:00-17:30;22,73;22,73;9,09;18,18;9,09;13,64;4,55;22
USDCAD;17:30-18:00;15,79;31,58;10,53;15,79;5,26;15,79;5,26;19
USDCAD;18:00-18:30;22,22;22,22;11,11;16,67;11,11;0,00;16,67;18
USDCAD;18:30-19:00;23,53;11,76;29,41;5,88;11,76;0,00;17,65;17
USDCAD;TOTAL;16,73;21,84;10,82;17,35;9,80;15,92;7,55;490
USDCHF;08:00-08:30;33,33;6,67;6,67;13,33;13,33;6,67;20,00;15
USDCHF;08:30-09:00;19,05;14,29;14,29;14,29;9,52;14,29;14,29;21
USDCHF;09:00-09:30;8,70;21,74;17,39;21,74;4,35;17,39;8,70;23
USDCHF;09:30-10:00;8,33;25,00;8,33;20,83;8,33;16,67;12,50;24
USDCHF;10:00-10:30;8,33;16,67;20,83;12,50;12,50;16,67;12,50;24
USDCHF;10:30-11:00;4,17;20,83;16,67;20,83;12,50;16,67;8,33;24
USDCHF;11:00-11:30;8,33;16,67;8,33;37,50;0,00;20,83;8,33;24
USDCHF;11:30-12:00;8,33;16,67;12,50;29,17;4,17;25,00;4,17;24
USDCHF;12:00-12:30;8,33;20,83;4,17;25,00;12,50;25,00;4,17;24
USDCHF;12:30-13:00;8,33;8,33;16,67;33,33;8,33;8,33;16,67;24
USDCHF;13:00-13:30;8,33;8,33;16,67;16,67;12,50;29,17;8,33;24
USDCHF;13:30-14:00;12,50;8,33;20,83;8,33;20,83;20,83;8,33;24
USDCHF;14:00-14:30;12,50;12,50;16,67;12,50;20,83;16,67;8,33;24
USDCHF;14:30-15:00;13,04;17,39;13,04;8,70;13,04;26,09;8,70;23
USDCHF;15:00-15:30;13,04;21,74;8,70;8,70;13,04;21,74;13,04;23
USDCHF;15:30-16:00;13,04;21,74;4,35;17,39;4,35;30,43;8,70;23
USDCHF;16:00-16:30;13,04;17,39;13,04;4,35;17,39;21,74;13,04;23
USDCHF;16:30-17:00;13,04;17,39;8,70;13,04;8,70;26,09;13,04;23
USDCHF;17:00-17:30;18,18;9,09;18,18;4,55;18,18;18,18;13,64;22
USDCHF;17:30-18:00;21,05;10,53;10,53;10,53;0,00;36,84;10,53;19
USDCHF;18:00-18:30;16,67;11,11;11,11;11,11;11,11;27,78;11,11;18
USDCHF;18:30-19:00;23,53;5,88;11,76;5,88;0,00;41,18;11,76;17
USDCHF;TOTAL;12,65;15,31;12,86;16,33;10,41;21,84;10,61;490
USDJPY;08:00-08:30;13,33;6,67;20,00;26,67;6,67;20,00;6,67;15
USDJPY;08:30-09:00;14,29;9,52;19,05;23,81;9,52;14,29;9,52;21
USDJPY;09:00-09:30;13,04;13,04;13,04;26,09;21,74;8,70;4,35;23
USDJPY;09:30-10:00;8,33;12,50;25,00;4,17;33,33;12,50;4,17;24
USDJPY;10:00-10:30;12,50;12,50;20,83;20,83;16,67;12,50;4,17;24
USDJPY;10:30-11:00;12,50;4,17;20,83;29,17;20,83;8,33;4,17;24
USDJPY;11:00-11:30;8,33;8,33;20,83;25,00;20,83;12,50;4,17;24
USDJPY;11:30-12:00;8,33;8,33;20,83;29,17;16,67;12,50;4,17;24
USDJPY;12:00-12:30;8,33;12,50;20,83;20,83;16,67;12,50;8,33;24
USDJPY;12:30-13:00;8,33;8,33;8,33;45,83;16,67;4,17;8,33;24
USDJPY;13:00-13:30;8,33;8,33;12,50;37,50;16,67;8,33;8,33;24
USDJPY;13:30-14:00;12,50;4,17;16,67;29,17;16,67;12,50;8,33;24
USDJPY;14:00-14:30;8,33;8,33;16,67;37,50;4,17;16,67;8,33;24
USDJPY;14:30-15:00;8,70;8,70;17,39;30,43;8,70;17,39;8,70;23
USDJPY;15:00-15:30;13,04;4,35;17,39;30,43;8,70;17,39;8,70;23
USDJPY;15:30-16:00;13,04;0,00;17,39;39,13;4,35;13,04;13,04;23
USDJPY;16:00-16:30;13,04;0,00;17,39;39,13;4,35;13,04;13,04;23
USDJPY;16:30-17:00;13,04;0,00;17,39;39,13;4,35;13,04;13,04;23
USDJPY;17:00-17:30;13,64;0,00;13,64;45,45;4,55;18,18;4,55;22
USDJPY;17:30-18:00;10,53;5,26;21,05;42,11;5,26;15,79;0,00;19
USDJPY;18:00-18:30;5,56;5,56;27,78;38,89;5,56;16,67;0,00;18
USDJPY;18:30-19:00;5,88;11,76;17,65;35,29;11,76;17,65;0,00;17
USDJPY;TOTAL;10,61;6,94;18,16;31,43;12,86;13,27;6,73;490
US_30;08:00-08:30;20,00;0,00;20,00;33,33;0,00;20,00;6,67;15
US_30;08:30-09:00;9,52;14,29;4,76;33,33;4,76;23,81;9,52;21
US_30;09:00-09:30;13,04;13,04;13,04;21,74;8,70;21,74;8,70;23
US_30;09:30-10:00;12,50;4,17;12,50;25,00;4,17;33,33;8,33;24
US_30;10:00-10:30;12,50;4,17;20,83;16,67;8,33;29,17;8,33;24
US_30;10:30-11:00;4,17;25,00;8,33;12,50;16,67;20,83;12,50;24
US_30;11:00-11:30;16,67;20,83;4,17;8,33;8,33;29,17;12,50;24
US_30;11:30-12:00;16,67;16,67;12,50;4,17;16,67;16,67;16,67;24
US_30;12:00-12:30;20,83;8,33;12,50;16,67;12,50;16,67;12,50;24
US_30;12:30-13:00;20,83;8,33;4,17;20,83;16,67;8,33;20,83;24
US_30;13:00-13:30;16,67;4,17;0,00;25,00;16,67;20,83;16,67;24
US_30;13:30-14:00;12,50;4,17;4,17;25,00;16,67;25,00;12,50;24
US_30;14:00-14:30;12,50;4,17;8,33;8,33;20,83;33,33;12,50;24
US_30;14:30-15:00;13,04;8,70;8,70;21,74;21,74;17,39;8,70;23
US_30;15:00-15:30;13,04;4,35;13,04;17,39;17,39;17,39;17,39;23
US_30;15:30-16:00;13,04;8,70;8,70;21,74;17,39;13,04;17,39;23
US_30;16:00-16:30;13,04;13,04;13,04;17,39;8,70;17,39;17,39;23
US_30;16:30-17:00;13,04;13,04;13,04;17,39;4,35;17,39;21,74;23
US_30;17:00-17:30;13,64;9,09;13,64;18,18;9,09;22,73;13,64;22
US_30;17:30-18:00;15,79;15,79;10,53;10,53;5,26;26,32;15,79;19
US_30;18:00-18:30;16,67;16,67;11,11;11,11;11,11;16,67;16,67;18
US_30;18:30-19:00;17,65;17,65;5,88;17,65;11,76;11,76;17,65;17
US_30;TOTAL;14,29;10,61;10,00;18,16;12,04;21,02;13,88;490
US_500;08:00-08:30;33,33;13,33;0,00;20,00;6,67;20,00;6,67;15
US_500;08:30-09:00;9,52;23,81;19,05;14,29;14,29;14,29;4,76;21
US_500;09:00-09:30;8,70;17,39;13,04;17,39;26,09;13,04;4,35;23
US_500;09:30-10:00;8,33;12,50;20,83;25,00;8,33;20,83;4,17;24
US_500;10:00-10:30;8,33;12,50;16,67;25,00;12,50;20,83;4,17;24
US_500;10:30-11:00;8,33;12,50;20,83;20,83;16,67;16,67;4,17;24
US_500;11:00-11:30;8,33;12,50;20,83;25,00;8,33;20,83;4,17;24
US_500;11:30-12:00;12,50;20,83;8,33;20,83;8,33;20,83;8,33;24
US_500;12:00-12:30;16,67;8,33;16,67;20,83;4,17;33,33;0,00;24
US_500;12:30-13:00;16,67;12,50;4,17;25,00;16,67;20,83;4,17;24
US_500;13:00-13:30;12,50;16,67;4,17;29,17;12,50;20,83;4,17;24
US_500;13:30-14:00;16,67;16,67;8,33;12,50;12,50;25,00;8,33;24
US_500;14:00-14:30;16,67;12,50;4,17;16,67;20,83;16,67;12,50;24
US_500;14:30-15:00;26,09;0,00;0,00;34,78;8,70;17,39;13,04;23
US_500;15:00-15:30;26,09;0,00;4,35;13,04;17,39;21,74;17,39;23
US_500;15:30-16:00;17,39;8,70;8,70;8,70;8,70;30,43;17,39;23
US_500;16:00-16:30;13,04;26,09;4,35;0,00;8,70;30,43;17,39;23
US_500;16:30-17:00;13,04;21,74;8,70;0,00;13,04;26,09;17,39;23
US_500;17:00-17:30;13,64;22,73;0,00;13,64;4,55;22,73;22,73;22
US_500;17:30-18:00;15,79;21,05;5,26;10,53;10,53;15,79;21,05;19
US_500;18:00-18:30;16,67;11,11;11,11;11,11;16,67;11,11;22,22;18
US_500;18:30-19:00;11,76;23,53;11,76;11,76;0,00;17,65;23,53;17
US_500;TOTAL;14,69;14,69;9,80;17,35;11,84;21,02;10,61;490
US_TECH100;08:00-08:30;46,67;13,33;0,00;13,33;0,00;6,67;20,00;15
US_TECH100;08:30-09:00;38,10;14,29;9,52;9,52;9,52;4,76;14,29;21
US_TECH100;09:00-09:30;34,78;13,04;4,35;13,04;13,04;8,70;13,04;23
US_TECH100;09:30-10:00;29,17;25,00;0,00;8,33;16,67;8,33;12,50;24
US_TECH100;10:00-10:30;29,17;25,00;0,00;12,50;0,00;20,83;12,50;24
US_TECH100;10:30-11:00;25,00;20,83;12,50;4,17;8,33;16,67;12,50;24
US_TECH100;11:00-11:30;25,00;25,00;8,33;8,33;0,00;16,67;16,67;24
US_TECH100;11:30-12:00;33,33;16,67;4,17;12,50;0,00;12,50;20,83;24
US_TECH100;12:00-12:30;33,33;20,83;0,00;12,50;0,00;8,33;25,00;24
US_TECH100;12:30-13:00;37,50;8,33;12,50;4,17;0,00;16,67;20,83;24
US_TECH100;13:00-13:30;37,50;20,83;0,00;8,33;4,17;8,33;20,83;24
US_TECH100;13:30-14:00;41,67;0,00;8,33;12,50;4,17;4,17;29,17;24
US_TECH100;14:00-14:30;41,67;8,33;8,33;12,50;0,00;4,17;25,00;24
US_TECH100;14:30-15:00;47,83;8,70;4,35;8,70;4,35;0,00;26,09;23
US_TECH100;15:00-15:30;39,13;13,04;0,00;8,70;4,35;8,70;26,09;23
US_TECH100;15:30-16:00;39,13;13,04;0,00;8,70;4,35;8,70;26,09;23
US_TECH100;16:00-16:30;39,13;8,70;0,00;13,04;4,35;0,00;34,78;23
US_TECH100;16:30-17:00;39,13;8,70;0,00;8,70;8,70;4,35;30,43;23
US_TECH100;17:00-17:30;40,91;4,55;4,55;4,55;4,55;9,09;31,82;22
US_TECH100;17:30-18:00;42,11;10,53;5,26;5,26;10,53;0,00;26,32;19
US_TECH100;18:00-18:30;44,44;5,56;5,56;0,00;11,11;5,56;27,78;18
US_TECH100;18:30-19:00;35,29;5,88;5,88;11,76;11,76;0,00;29,41;17
US_TECH100;TOTAL;36,94;13,47;4,29;9,18;5,31;8,16;22,65;490
